ITEM_ID,CATEGORY
1,家電
2,日用品
3,キャンプ
4,食料品
5,家電
6,家電
7,家電
8,日用品
9,日用品
10,日用品
11,日用品
12,日用品
13,日用品
14,家電
15,家電
16,家電
17,食料品
18,食料品
19,食料品
20,食料品
21,食料品
22,キャンプ
23,キャンプ
24,キャンプ
25,キャンプ
26,キャンプ
27,キャンプ
28,キャンプ
29,キャンプ
30,キャンプ
31,キャンプ
32,キャンプ
34,キャンプ
36,キャンプ
38,キャンプ
39,食料品
40,食料品
41,食料品
42,食料品
43,食料品
44,食料品
45,食料品
46,食料品
47,食料品
48,食料品
49,食料品
50,食料品
52,食料品
53,食料品
54,食料品
55,食料品
57,食料品
58,食料品
60,食料品
61,食料品
62,食料品
63,食料品
64,食料品
65,家電
66,家電
68,家電
69,家電
70,家電
71,家電
72,家電
73,家電
74,家電
75,家電
76,家電
77,家電
78,家電
79,家電
80,家電
81,家電
82,家電
83,家電
85,家電
86,家電
87,家電
88,家電
89,家電
92,家電
93,家電
94,家電
95,家電
96,家電
97,家電
99,家電
100,家電
101,家電
102,家電
103,家電
104,家電
105,家電
106,家電
107,家電
108,家電
110,家電
111,家電
112,家電
113,家電
116,家電
117,家電
118,家電
119,家電
121,家電
122,家電
123,家電
125,家電
126,家電
128,家電
129,家電
132,家電
135,家電
137,家電
140,家電
141,家電
144,家電
145,家電
146,家電
147,家電
148,家電
149,家電
150,家電
151,家電
152,家電
153,家電
154,家電
155,家電
156,家電
157,家電
158,家電
159,家電
160,家電
161,家電
162,家電
163,家電
164,家電
165,家電
166,家電
168,家電
169,家電
170,家電
171,家電
172,家電
173,家電
174,家電
175,家電
176,家電
177,家電
178,家電
179,家電
180,家電
181,家電
183,家電
184,家電
185,家電
186,家電
187,家電
188,家電
189,家電
190,家電
191,家電
193,家電
194,家電
195,家電
196,家電
198,家電
199,家電
201,家電
202,家電
203,家電
204,家電
205,家電
206,家電
207,家電
208,家電
209,家電
210,家電
211,家電
212,家電
213,家電
214,家電
215,家電
216,家電
217,家電
218,家電
219,家電
220,家電
222,家電
223,家電
224,家電
225,家電
227,家電
228,家電
229,家電
230,家電
231,家電
232,家電
233,日用品
234,日用品
235,日用品
236,日用品
237,日用品
238,日用品
239,日用品
240,日用品
241,日用品
242,日用品
243,日用品
246,日用品
247,日用品
248,日用品
249,日用品
250,日用品
251,日用品
252,日用品
253,日用品
254,日用品
255,日用品
256,日用品
257,日用品
258,日用品
259,日用品
260,日用品
261,日用品
262,日用品
263,日用品
265,日用品
266,日用品
267,日用品
269,日用品
270,日用品
271,日用品
272,日用品
273,日用品
274,日用品
275,日用品
276,日用品
277,日用品
278,日用品
279,日用品
280,日用品
281,日用品
282,日用品
283,日用品
284,日用品
285,日用品
287,日用品
288,日用品
289,日用品
290,日用品
291,日用品
292,日用品
293,日用品
294,日用品
295,日用品
296,日用品
298,日用品
299,日用品
300,日用品
301,日用品
302,日用品
303,日用品
304,日用品
305,日用品
306,日用品
307,日用品
308,日用品
310,日用品
311,日用品
312,日用品
313,日用品
314,日用品
315,日用品
316,日用品
317,日用品
318,日用品
319,日用品
320,日用品
321,日用品
322,日用品
324,日用品
325,日用品
326,日用品
327,日用品
328,日用品
329,日用品
330,日用品
331,日用品
332,日用品
333,日用品
334,日用品
335,日用品
336,日用品
337,日用品
338,日用品
339,日用品
340,日用品
341,日用品
342,日用品
343,日用品
344,日用品
345,日用品
346,日用品
347,日用品
348,日用品
349,日用品
350,日用品
351,日用品
352,日用品
353,日用品
354,日用品
355,日用品
356,日用品
357,日用品
358,日用品
359,日用品
360,日用品
361,日用品
362,日用品
363,日用品
364,日用品
365,日用品
366,日用品
367,日用品
368,日用品
369,日用品
370,日用品
371,日用品
372,日用品
373,日用品
374,日用品
376,日用品
377,日用品
378,日用品
379,日用品
380,日用品
381,日用品
382,日用品
383,日用品
384,日用品
385,日用品
386,日用品
387,日用品
388,日用品
389,日用品
390,日用品
391,日用品
393,日用品
405,日用品
406,日用品
407,日用品
408,日用品
409,日用品
410,日用品
412,日用品
413,日用品
414,日用品
415,日用品
416,日用品
417,日用品
418,日用品
419,日用品
420,日用品
421,日用品
422,日用品
423,日用品
424,日用品
425,日用品
426,日用品
427,日用品
428,日用品
429,日用品
430,日用品
431,日用品
432,日用品
433,日用品
434,日用品
435,日用品
436,日用品
437,日用品
438,日用品
440,日用品
441,日用品
442,日用品
444,日用品
445,日用品
446,日用品
448,日用品
449,日用品
450,日用品
451,日用品
452,日用品
453,日用品
454,日用品
455,日用品
456,日用品
457,日用品
458,日用品
459,日用品
460,日用品
461,日用品
464,日用品
466,日用品
467,日用品
468,日用品
469,日用品
470,日用品
471,日用品
472,日用品
473,日用品
474,日用品
475,日用品
476,日用品
477,日用品
478,日用品
479,日用品
480,日用品
481,日用品
482,日用品
484,日用品
485,日用品
486,日用品
487,日用品
488,日用品
489,日用品
490,日用品
491,日用品
492,日用品
493,日用品
494,日用品
495,日用品
496,日用品
497,日用品
499,日用品
500,日用品
501,日用品
502,日用品
504,日用品
505,日用品
506,日用品
507,日用品
508,日用品
509,日用品
510,日用品
511,日用品
512,日用品
513,日用品
514,日用品
515,日用品
516,日用品
517,日用品
518,日用品
519,日用品
520,日用品
521,日用品
522,日用品
523,日用品
524,日用品
526,日用品
527,日用品
528,日用品
529,日用品
531,日用品
532,日用品
533,日用品
534,日用品
535,日用品
536,日用品
537,日用品
538,日用品
539,日用品
540,日用品
541,日用品
542,日用品
543,日用品
544,日用品
546,日用品
547,日用品
548,日用品
549,日用品
550,日用品
551,日用品
552,日用品
553,日用品
555,日用品
556,日用品
558,日用品
562,日用品
563,日用品
564,日用品
567,日用品
568,日用品
569,日用品
573,日用品
574,日用品
575,日用品
577,日用品
579,日用品
580,日用品
581,日用品
583,日用品
585,日用品
586,日用品
587,日用品
588,日用品
589,日用品
590,日用品
592,日用品
593,日用品
594,日用品
595,日用品
596,日用品
597,日用品
599,日用品
600,日用品
602,日用品
605,日用品
606,日用品
608,日用品
609,日用品
610,日用品
611,日用品
612,日用品
613,日用品
615,日用品
616,日用品
617,日用品
618,日用品
619,日用品
626,日用品
627,日用品
628,日用品
631,日用品
632,日用品
633,日用品
634,日用品
635,日用品
636,日用品
637,日用品
638,日用品
639,日用品
640,日用品
645,日用品
647,日用品
648,日用品
649,日用品
650,日用品
653,日用品
656,日用品
661,日用品
662,日用品
663,日用品
665,日用品
667,日用品
668,日用品
670,日用品
671,日用品
673,日用品
674,日用品
678,日用品
679,日用品
680,日用品
685,日用品
688,日用品
691,日用品
692,日用品
694,日用品
695,日用品
697,日用品
698,日用品
700,日用品
703,日用品
704,日用品
706,日用品
707,日用品
708,日用品
709,日用品
710,日用品
711,日用品
714,日用品
715,日用品
718,日用品
719,日用品
720,日用品
722,日用品
724,日用品
725,日用品
726,日用品
728,日用品
731,日用品
733,日用品
735,日用品
736,日用品
737,日用品
741,日用品
742,日用品
743,日用品
745,日用品
747,日用品
748,日用品
750,日用品
757,日用品
759,日用品
760,日用品
761,日用品
762,日用品
764,日用品
765,日用品
766,日用品
773,日用品
775,日用品
778,日用品
779,日用品
780,日用品
781,日用品
782,日用品
783,日用品
784,日用品
785,日用品
786,日用品
788,日用品
790,日用品
791,日用品
795,日用品
798,日用品
799,日用品
800,日用品
801,日用品
802,日用品
803,日用品
804,日用品
805,日用品
806,日用品
808,日用品
809,日用品
810,日用品
813,日用品
818,日用品
823,日用品
824,日用品
828,日用品
829,日用品
830,日用品
832,日用品
833,日用品
835,日用品
836,日用品
837,日用品
838,日用品
839,日用品
840,日用品
841,日用品
842,日用品
848,日用品
849,日用品
851,日用品
852,食料品
858,食料品
861,食料品
866,食料品
867,食料品
869,食料品
870,食料品
875,食料品
876,食料品
879,食料品
880,食料品
881,食料品
882,食料品
885,食料品
886,食料品
888,食料品
889,食料品
891,食料品
892,食料品
893,食料品
896,食料品
897,食料品
898,食料品
899,食料品
900,食料品
901,食料品
902,食料品
903,食料品
904,食料品
905,食料品
906,食料品
907,食料品
908,食料品
909,食料品
910,食料品
911,食料品
912,食料品
913,食料品
914,食料品
915,食料品
916,食料品
917,食料品
918,食料品
919,食料品
920,食料品
921,食料品
922,食料品
923,食料品
924,食料品
926,食料品
927,食料品
928,食料品
929,食料品
930,食料品
931,食料品
932,食料品
933,食料品
934,食料品
935,食料品
936,食料品
937,食料品
938,食料品
940,食料品
941,食料品
942,食料品
943,食料品
944,食料品
945,食料品
946,食料品
947,食料品
948,食料品
949,食料品
950,食料品
951,食料品
952,食料品
953,食料品
954,食料品
955,食料品
956,食料品
959,食料品
961,食料品
963,食料品
965,食料品
968,食料品
969,食料品
970,食料品
971,食料品
973,食料品
976,食料品
979,食料品
981,食料品
982,食料品
984,食料品
986,食料品
987,食料品
988,食料品
990,食料品
991,食料品
993,食料品
994,食料品
996,食料品
998,食料品
999,食料品
1003,食料品
1004,食料品
1005,食料品
1006,食料品
1007,食料品
1008,食料品
1009,食料品
1010,食料品
1011,食料品
1012,食料品
1013,食料品
1014,食料品
1015,食料品
1016,食料品
1017,食料品
1018,食料品
1019,食料品
1020,食料品
1021,食料品
1022,食料品
1023,食料品
1024,食料品
1025,食料品
1027,食料品
1028,食料品
1029,食料品
1030,食料品
1031,食料品
1032,食料品
1033,食料品
1034,食料品
1035,食料品
1036,食料品
1037,食料品
1040,食料品
1041,食料品
1042,食料品
1043,食料品
1046,食料品
1047,食料品
1049,食料品
1050,食料品
1051,食料品
1053,食料品
1054,食料品
1055,食料品
1056,食料品
1057,食料品
1059,食料品
1060,食料品
1061,食料品
1064,食料品
1066,食料品
1068,食料品
1073,食料品
1076,食料品
1077,食料品
1078,食料品
1079,食料品
1080,食料品
1081,食料品
1082,食料品
1083,食料品
1084,食料品
1085,食料品
1086,食料品
1088,食料品
1089,食料品
1090,食料品
1091,食料品
1092,食料品
1093,食料品
1094,食料品
1095,食料品
1096,食料品
1097,食料品
1099,食料品
1100,食料品
1101,食料品
1103,食料品
1104,食料品
1105,食料品
1107,食料品
1111,食料品
1112,食料品
1114,食料品
1116,食料品
1117,食料品
1119,食料品
1120,食料品
1121,食料品
1123,食料品
1124,食料品
1125,食料品
1126,食料品
1127,食料品
1128,食料品
1129,食料品
1130,食料品
1131,食料品
1132,食料品
1135,食料品
1136,食料品
1137,食料品
1140,食料品
1144,食料品
1147,食料品
1148,食料品
1150,食料品
1151,食料品
1156,食料品
1161,食料品
1162,食料品
1163,食料品
1167,食料品
1170,食料品
1171,食料品
1172,食料品
1173,食料品
1175,食料品
1176,食料品
1177,食料品
1178,食料品
1179,食料品
1180,食料品
1183,食料品
1184,食料品
1185,食料品
1186,食料品
1187,食料品
1188,食料品
1189,食料品
1190,食料品
1191,食料品
1192,食料品
1193,食料品
1194,食料品
1196,食料品
1197,食料品
1198,食料品
1199,食料品
1200,食料品
1201,食料品
1202,食料品
1203,食料品
1204,食料品
1206,食料品
1207,食料品
1208,食料品
1209,食料品
1210,食料品
1211,食料品
1212,食料品
1213,食料品
1214,食料品
1215,食料品
1216,食料品
1217,食料品
1218,食料品
1219,食料品
1220,食料品
1221,食料品
1222,食料品
1223,食料品
1224,食料品
1225,食料品
1226,食料品
1227,食料品
1228,食料品
1230,食料品
1231,食料品
1232,食料品
1233,食料品
1234,食料品
1235,食料品
1236,食料品
1237,食料品
1238,食料品
1240,食料品
1241,食料品
1242,食料品
1243,食料品
1244,食料品
1245,食料品
1246,食料品
1247,食料品
1248,食料品
1249,食料品
1250,食料品
1251,食料品
1252,食料品
1253,食料品
1254,食料品
1255,食料品
1256,食料品
1257,食料品
1258,食料品
1259,食料品
1260,食料品
1261,食料品
1262,食料品
1263,食料品
1264,食料品
1265,食料品
1266,食料品
1267,食料品
1268,食料品
1269,食料品
1270,食料品
1271,食料品
1272,食料品
1273,食料品
1274,食料品
1275,食料品
1276,食料品
1277,食料品
1278,食料品
1279,食料品
1280,食料品
1281,食料品
1282,食料品
1283,食料品
1284,食料品
1285,食料品
1286,食料品
1287,食料品
1288,食料品
1289,食料品
1290,食料品
1291,食料品
1292,食料品
1293,食料品
1295,食料品
1296,食料品
1297,食料品
1298,食料品
1299,食料品
1300,食料品
1301,食料品
1302,食料品
1303,食料品
1304,食料品
1305,食料品
1306,食料品
1307,食料品
1310,食料品
1312,食料品
1318,食料品
1320,食料品
1321,食料品
1322,食料品
1323,食料品
1324,食料品
1325,食料品
1326,食料品
1327,食料品
1328,食料品
1329,食料品
1330,食料品
1331,食料品
1332,食料品
1333,食料品
1334,食料品
1335,食料品
1336,食料品
1337,食料品
1339,食料品
1340,食料品
1341,食料品
1342,食料品
1343,食料品
1344,食料品
1345,食料品
1346,食料品
1347,食料品
1348,食料品
1349,食料品
1350,食料品
1351,食料品
1352,食料品
1353,食料品
1354,食料品
1355,食料品
1356,食料品
1357,食料品
1358,食料品
1359,食料品
1361,食料品
1363,食料品
1365,食料品
1366,食料品
1367,食料品
1370,食料品
1371,食料品
1372,食料品
1373,食料品
1374,食料品
1375,食料品
1376,食料品
1377,食料品
1378,食料品
1379,食料品
1380,食料品
1381,食料品
1382,食料品
1385,食料品
1387,食料品
1388,食料品
1389,食料品
1390,食料品
1391,食料品
1392,食料品
1393,食料品
1394,食料品
1395,食料品
1396,食料品
1397,食料品
1398,食料品
1399,食料品
1401,食料品
1405,食料品
1406,食料品
1407,食料品
1408,食料品
1409,食料品
1411,食料品
1412,食料品
1413,食料品
1414,食料品
1415,食料品
1416,食料品
1417,食料品
1419,食料品
1422,食料品
1423,食料品
1425,食料品
1426,食料品
1427,食料品
1428,食料品
1429,食料品
1430,食料品
1431,食料品
1432,食料品
1437,食料品
1438,食料品
1439,食料品
1440,食料品
1441,食料品
1442,食料品
1445,食料品
1446,食料品
1447,食料品
1449,食料品
1453,食料品
1454,食料品
1456,食料品
1457,食料品
1458,食料品
1459,食料品
1460,食料品
1461,食料品
1464,食料品
1465,食料品
1466,食料品
1468,食料品
1473,食料品
1474,食料品
1475,食料品
1476,食料品
1477,食料品
1479,食料品
1480,食料品
1483,食料品
1484,食料品
1485,食料品
1487,食料品
1488,食料品
1489,食料品
1490,食料品
1493,食料品
1495,食料品
1496,食料品
1497,食料品
1498,食料品
1499,食料品
1500,食料品
1502,食料品
1503,食料品
1507,食料品
1513,食料品
1514,食料品
1515,食料品
1516,食料品
1517,食料品
1518,食料品
1519,食料品
1526,食料品
1527,食料品
1529,食料品
1533,食料品
1537,食料品
1541,食料品
1542,食料品
1544,食料品
1545,食料品
1546,食料品
1547,食料品
1549,食料品
1550,食料品
1551,食料品
1552,食料品
1554,食料品
1556,食料品
1562,食料品
1564,食料品
1565,食料品
1566,食料品
1569,食料品
1571,食料品
1572,食料品
1573,食料品
1574,食料品
1580,食料品
1581,食料品
1582,食料品
1583,食料品
1584,食料品
1585,食料品
1586,食料品
1587,食料品
1588,食料品
1589,食料品
1590,食料品
1591,食料品
1592,食料品
1593,食料品
1594,食料品
1596,食料品
1597,食料品
1598,食料品
1599,食料品
1600,食料品
1601,食料品
1602,食料品
1603,食料品
1604,食料品
1605,食料品
1606,食料品
1608,食料品
1609,食料品
1610,食料品
1611,食料品
1612,食料品
1613,食料品
1614,食料品
1615,食料品
1616,食料品
1617,食料品
1619,食料品
1620,食料品
1621,食料品
1623,食料品
1624,食料品
1625,食料品
1626,食料品
1627,食料品
1629,食料品
1631,食料品
1633,食料品
1635,食料品
1639,食料品
1641,食料品
1642,食料品
1643,食料品
1644,食料品
1645,食料品
1646,食料品
1647,食料品
1648,食料品
1649,食料品
1650,食料品
1652,食料品
1653,食料品
1654,食料品
1655,食料品
1656,食料品
1658,食料品
1659,食料品
1660,食料品
1661,食料品
1662,食料品
1663,食料品
1665,食料品
1667,食料品
1670,食料品
1671,食料品
1672,食料品
1673,食料品
1674,食料品
1675,食料品
1676,食料品
1677,食料品
1678,食料品
1679,食料品
1680,食料品
1681,食料品
1682,食料品
1683,食料品
1684,食料品
1685,食料品
1686,食料品
1687,食料品
1688,食料品
1689,食料品
1690,食料品
1693,食料品
1694,食料品
1695,食料品
1696,食料品
1699,食料品
1701,食料品
1702,食料品
1703,食料品
1704,食料品
1707,食料品
1711,食料品
1713,食料品
1717,食料品
1718,食料品
1719,食料品
1721,食料品
1722,食料品
1726,食料品
1727,食料品
1729,食料品
1730,食料品
1731,食料品
1732,食料品
1733,食料品
1734,食料品
1735,食料品
1739,食料品
1746,食料品
1747,食料品
1748,食料品
1752,食料品
1753,食料品
1754,食料品
1755,食料品
1757,食料品
1759,食料品
1760,食料品
1762,食料品
1767,食料品
1769,食料品
1770,食料品
1771,食料品
1772,食料品
1777,食料品
1779,食料品
1783,食料品
1784,食料品
1785,食料品
1791,食料品
1792,食料品
1793,食料品
1794,食料品
1797,食料品
1798,食料品
1799,食料品
1801,食料品
1804,食料品
1805,食料品
1806,食料品
1807,食料品
1809,食料品
1810,食料品
1812,食料品
1816,食料品
1821,食料品
1824,食料品
1825,食料品
1826,食料品
1827,食料品
1829,食料品
1831,食料品
1833,キャンプ
1834,キャンプ
1835,キャンプ
1836,キャンプ
1837,キャンプ
1839,キャンプ
1840,キャンプ
1841,キャンプ
1844,キャンプ
1845,キャンプ
1848,キャンプ
1855,キャンプ
1856,キャンプ
1857,キャンプ
1858,キャンプ
1859,キャンプ
1860,キャンプ
1862,キャンプ
1863,キャンプ
1866,キャンプ
1867,キャンプ
1870,キャンプ
1873,キャンプ
1875,キャンプ
1876,キャンプ
1881,キャンプ
1882,キャンプ
1883,キャンプ
1884,キャンプ
1885,キャンプ
1887,キャンプ
1888,キャンプ
1889,キャンプ
1891,キャンプ
1892,キャンプ
1893,キャンプ
1894,キャンプ
1895,キャンプ
1897,キャンプ
1900,キャンプ
1902,キャンプ
1904,キャンプ
1906,キャンプ
1907,キャンプ
1909,キャンプ
1910,キャンプ
1911,キャンプ
1912,キャンプ
1913,キャンプ
1914,キャンプ
1916,キャンプ
1917,キャンプ
1918,キャンプ
1919,キャンプ
1920,キャンプ
1921,キャンプ
1922,キャンプ
1923,キャンプ
1924,キャンプ
1926,キャンプ
1927,キャンプ
1928,キャンプ
1929,キャンプ
1931,キャンプ
1932,キャンプ
1933,キャンプ
1934,キャンプ
1936,キャンプ
1937,キャンプ
1938,キャンプ
1939,キャンプ
1940,キャンプ
1941,キャンプ
1942,キャンプ
1944,キャンプ
1945,キャンプ
1946,キャンプ
1947,キャンプ
1948,キャンプ
1949,キャンプ
1950,キャンプ
1951,キャンプ
1952,キャンプ
1953,キャンプ
1954,キャンプ
1955,キャンプ
1956,キャンプ
1957,キャンプ
1958,キャンプ
1959,キャンプ
1960,キャンプ
1961,キャンプ
1962,キャンプ
1963,キャンプ
1964,キャンプ
1965,キャンプ
1966,キャンプ
1967,キャンプ
1968,キャンプ
1969,キャンプ
1970,キャンプ
1971,キャンプ
1972,キャンプ
1973,キャンプ
1974,キャンプ
1975,キャンプ
1976,キャンプ
1977,キャンプ
1978,キャンプ
1979,キャンプ
1980,キャンプ
1981,キャンプ
1982,キャンプ
1983,キャンプ
1984,キャンプ
1985,キャンプ
1986,キャンプ
1987,キャンプ
1990,キャンプ
1991,キャンプ
1992,キャンプ
1993,キャンプ
1994,キャンプ
1995,キャンプ
1996,キャンプ
1997,キャンプ
1998,キャンプ
1999,キャンプ
2000,キャンプ
2001,キャンプ
2002,キャンプ
2003,キャンプ
2004,キャンプ
2005,キャンプ
2006,キャンプ
2007,キャンプ
2008,キャンプ
2009,キャンプ
2010,キャンプ
2011,キャンプ
2012,キャンプ
2013,キャンプ
2014,キャンプ
2015,キャンプ
2016,キャンプ
2017,キャンプ
2018,キャンプ
2019,キャンプ
2020,キャンプ
2021,キャンプ
2022,キャンプ
2023,キャンプ
2024,キャンプ
2025,キャンプ
2026,キャンプ
2027,キャンプ
2028,キャンプ
2032,キャンプ
2033,キャンプ
2034,キャンプ
2035,キャンプ
2036,キャンプ
2037,キャンプ
2038,キャンプ
2040,キャンプ
2041,キャンプ
2042,キャンプ
2043,キャンプ
2044,キャンプ
2046,キャンプ
2048,キャンプ
2050,キャンプ
2051,キャンプ
2052,キャンプ
2053,キャンプ
2054,キャンプ
2055,キャンプ
2056,キャンプ
2057,キャンプ
2058,キャンプ
2059,キャンプ
2060,キャンプ
2064,キャンプ
2065,キャンプ
2066,キャンプ
2067,キャンプ
2068,キャンプ
2069,キャンプ
2070,キャンプ
2071,キャンプ
2072,キャンプ
2073,キャンプ
2074,キャンプ
2075,キャンプ
2076,キャンプ
2077,キャンプ
2078,キャンプ
2080,キャンプ
2081,キャンプ
2082,キャンプ
2083,キャンプ
2084,キャンプ
2085,キャンプ
2087,キャンプ
2088,キャンプ
2089,キャンプ
2090,キャンプ
2091,キャンプ
2092,キャンプ
2093,キャンプ
2094,キャンプ
2095,キャンプ
2096,キャンプ
2097,キャンプ
2098,キャンプ
2099,キャンプ
2100,キャンプ
2102,キャンプ
2103,キャンプ
2104,キャンプ
2105,キャンプ
2106,キャンプ
2107,キャンプ
2108,キャンプ
2109,キャンプ
2110,キャンプ
2111,キャンプ
2112,キャンプ
2114,キャンプ
2115,キャンプ
2116,キャンプ
2117,キャンプ
2118,キャンプ
2119,キャンプ
2120,キャンプ
2121,キャンプ
2122,キャンプ
2123,キャンプ
2124,キャンプ
2125,キャンプ
2126,キャンプ
2130,キャンプ
2131,キャンプ
2132,キャンプ
2133,キャンプ
2134,キャンプ
2135,キャンプ
2136,キャンプ
2137,キャンプ
2138,キャンプ
2139,キャンプ
2140,キャンプ
2141,キャンプ
2142,キャンプ
2143,キャンプ
2144,キャンプ
2145,キャンプ
2146,キャンプ
2147,キャンプ
2148,キャンプ
2149,キャンプ
2150,キャンプ
2151,キャンプ
2152,キャンプ
2153,キャンプ
2154,キャンプ
2155,キャンプ
2156,キャンプ
2159,キャンプ
2160,キャンプ
2161,キャンプ
2162,キャンプ
2163,キャンプ
2164,キャンプ
2165,キャンプ
2166,キャンプ
2167,キャンプ
2169,キャンプ
2170,キャンプ
2171,キャンプ
2172,キャンプ
2174,キャンプ
2175,キャンプ
2176,キャンプ
2177,キャンプ
2178,キャンプ
2179,キャンプ
2180,キャンプ
2181,キャンプ
2182,キャンプ
2183,キャンプ
2184,キャンプ
2185,キャンプ
2186,キャンプ
2187,キャンプ
2188,キャンプ
2190,キャンプ
2193,キャンプ
2194,キャンプ
2195,キャンプ
2196,キャンプ
2201,キャンプ
2202,キャンプ
2203,キャンプ
2204,キャンプ
2205,キャンプ
2206,キャンプ
2207,キャンプ
2208,キャンプ
2210,キャンプ
2211,キャンプ
2212,キャンプ
2226,キャンプ
2227,キャンプ
2231,キャンプ
2232,キャンプ
2236,キャンプ
2239,キャンプ
2240,キャンプ
2241,キャンプ
2243,キャンプ
2244,キャンプ
2245,キャンプ
2247,キャンプ
2248,キャンプ
2249,キャンプ
2252,キャンプ
2253,キャンプ
2255,キャンプ
2256,キャンプ
2257,キャンプ
2259,キャンプ
2260,キャンプ
2261,キャンプ
2262,キャンプ
2263,キャンプ
2264,キャンプ
2265,キャンプ
2266,キャンプ
2267,キャンプ
2268,キャンプ
2269,キャンプ
2271,キャンプ
2272,キャンプ
2273,キャンプ
2275,キャンプ
2278,キャンプ
2279,キャンプ
2280,キャンプ
2281,キャンプ
2282,キャンプ
2283,キャンプ
2286,キャンプ
2287,キャンプ
2288,キャンプ
2289,キャンプ
2290,キャンプ
2291,キャンプ
2292,キャンプ
2294,キャンプ
2295,キャンプ
2296,キャンプ
2297,キャンプ
2298,キャンプ
2300,キャンプ
2301,キャンプ
2302,キャンプ
2303,キャンプ
2304,キャンプ
2306,キャンプ
2307,キャンプ
2310,キャンプ
2311,キャンプ
2312,キャンプ
2313,キャンプ
2314,キャンプ
2315,キャンプ
2316,キャンプ
2318,キャンプ
2320,キャンプ
2321,キャンプ
2322,キャンプ
2323,キャンプ
2324,キャンプ
2325,キャンプ
2327,キャンプ
2328,キャンプ
2329,キャンプ
2330,キャンプ
2331,キャンプ
2332,キャンプ
2333,キャンプ
2334,キャンプ
2335,キャンプ
2336,キャンプ
2337,キャンプ
2338,キャンプ
2339,キャンプ
2340,キャンプ
2342,キャンプ
2344,キャンプ
2346,キャンプ
2347,キャンプ
2348,キャンプ
2349,キャンプ
2350,キャンプ
2351,キャンプ
2352,キャンプ
2353,キャンプ
2354,キャンプ
2355,キャンプ
2356,キャンプ
2357,キャンプ
2358,キャンプ
2359,キャンプ
2360,キャンプ
2361,キャンプ
2362,キャンプ
2363,キャンプ
2364,キャンプ
2365,キャンプ
2366,キャンプ
2367,キャンプ
2368,キャンプ
2369,キャンプ
2370,キャンプ
2371,キャンプ
2372,キャンプ
2373,キャンプ
2374,キャンプ
2375,キャンプ
2376,キャンプ
2377,キャンプ
2378,キャンプ
2379,キャンプ
2380,キャンプ
2381,キャンプ
2382,キャンプ
2383,キャンプ
2384,キャンプ
2385,キャンプ
2387,キャンプ
2388,キャンプ
2389,キャンプ
2390,キャンプ
2391,キャンプ
2392,キャンプ
2393,キャンプ
2394,キャンプ
2395,キャンプ
2396,キャンプ
2398,キャンプ
2399,キャンプ
2400,キャンプ
2401,キャンプ
2402,キャンプ
2403,キャンプ
2404,キャンプ
2405,キャンプ
2406,キャンプ
2407,キャンプ
2408,キャンプ
2409,キャンプ
2410,キャンプ
2411,キャンプ
2412,キャンプ
2413,キャンプ
2414,キャンプ
2415,キャンプ
2416,キャンプ
2417,キャンプ
2418,キャンプ
2419,キャンプ
2420,キャンプ
2421,キャンプ
2422,キャンプ
2423,キャンプ
2424,キャンプ
2425,キャンプ
2427,キャンプ
2428,キャンプ
2429,キャンプ
2430,キャンプ
2431,キャンプ
2432,キャンプ
2433,キャンプ
2435,キャンプ
2436,キャンプ
2439,キャンプ
2442,キャンプ
2443,キャンプ
2445,キャンプ
2446,キャンプ
2447,キャンプ
2448,キャンプ
2450,キャンプ
2451,キャンプ
2453,キャンプ
2454,キャンプ
2455,キャンプ
2456,キャンプ
2457,キャンプ
2458,キャンプ
2459,キャンプ
2460,キャンプ
2462,キャンプ
2463,キャンプ
2465,キャンプ
2467,キャンプ
2468,キャンプ
2469,キャンプ
2470,キャンプ
2471,キャンプ
2472,キャンプ
2473,キャンプ
2474,キャンプ
2475,キャンプ
2476,キャンプ
2477,キャンプ
2478,キャンプ
2481,キャンプ
2482,キャンプ
2483,キャンプ
2485,キャンプ
2488,キャンプ
2490,キャンプ
2491,キャンプ
2492,キャンプ
2493,キャンプ
2494,キャンプ
2495,キャンプ
2496,キャンプ
2497,キャンプ
2498,キャンプ
2500,キャンプ
2501,キャンプ
2502,キャンプ
2503,キャンプ
2504,キャンプ
2505,キャンプ
2506,キャンプ
2511,キャンプ
2512,キャンプ
2513,キャンプ
2514,キャンプ
2515,キャンプ
2516,キャンプ
2517,キャンプ
2518,キャンプ
2520,キャンプ
2521,キャンプ
2522,キャンプ
2523,キャンプ
2524,キャンプ
2525,キャンプ
2526,キャンプ
2527,キャンプ
2528,キャンプ
2529,キャンプ
2530,キャンプ
2531,キャンプ
2532,キャンプ
2533,キャンプ
2534,キャンプ
2535,キャンプ
2537,キャンプ
2538,キャンプ
2539,キャンプ
2540,キャンプ
2541,キャンプ
2542,キャンプ
2544,キャンプ
2546,キャンプ
2548,キャンプ
2549,キャンプ
2550,キャンプ
2551,キャンプ
2552,キャンプ
2553,キャンプ
2554,キャンプ
2555,キャンプ
2557,キャンプ
2558,キャンプ
2559,キャンプ
2560,キャンプ
2561,キャンプ
2563,キャンプ
2565,キャンプ
2566,キャンプ
2567,キャンプ
2568,キャンプ
2570,キャンプ
2571,キャンプ
2572,キャンプ
2573,キャンプ
2574,キャンプ
2575,キャンプ
2577,キャンプ
2579,キャンプ
2580,キャンプ
2581,キャンプ
2582,キャンプ
2583,キャンプ
2585,キャンプ
2586,キャンプ
2587,キャンプ
2589,キャンプ
2590,キャンプ
2593,キャンプ
2594,キャンプ
2596,キャンプ
2597,キャンプ
2598,キャンプ
2599,キャンプ
2600,キャンプ
2605,キャンプ
2606,キャンプ
2607,キャンプ
2609,キャンプ
2611,キャンプ
2612,キャンプ
2613,キャンプ
2614,キャンプ
2615,キャンプ
2616,キャンプ
2617,キャンプ
2618,キャンプ
2620,キャンプ
2622,キャンプ
2623,キャンプ
2624,キャンプ
2625,キャンプ
2628,キャンプ
2629,キャンプ
2630,キャンプ
2632,キャンプ
2633,キャンプ
2634,キャンプ
2639,キャンプ
2640,キャンプ
2641,キャンプ
2642,キャンプ
2643,キャンプ
2644,キャンプ
2648,キャンプ
2651,キャンプ
2652,キャンプ
2654,キャンプ
2655,キャンプ
2656,キャンプ
2657,キャンプ
2659,キャンプ
2660,キャンプ
2661,キャンプ
2662,キャンプ
2664,キャンプ
2665,キャンプ
2668,キャンプ
2669,キャンプ
2670,キャンプ
2671,キャンプ
2672,キャンプ
2674,キャンプ
2676,キャンプ
2677,キャンプ
2681,キャンプ
2682,キャンプ
2683,キャンプ
2686,キャンプ
2687,キャンプ
2688,キャンプ
2690,キャンプ
2691,キャンプ
2692,キャンプ
2693,キャンプ
2694,キャンプ
2695,キャンプ
2696,キャンプ
2697,キャンプ
2698,キャンプ
2699,キャンプ
2700,キャンプ
2701,キャンプ
2702,キャンプ
2706,キャンプ
2707,キャンプ
2708,キャンプ
2709,キャンプ
2710,キャンプ
2712,キャンプ
2713,キャンプ
2716,キャンプ
2717,キャンプ
2718,キャンプ
2719,キャンプ
2720,キャンプ
2722,キャンプ
2723,キャンプ
2724,キャンプ
2725,キャンプ
2726,キャンプ
2727,キャンプ
2728,キャンプ
2729,キャンプ
2730,キャンプ
2731,キャンプ
2732,キャンプ
2733,キャンプ
2734,キャンプ
2735,キャンプ
2736,キャンプ
2737,キャンプ
2738,キャンプ
2739,キャンプ
2740,キャンプ
2741,キャンプ
2742,キャンプ
2743,キャンプ
2744,キャンプ
2745,キャンプ
2746,キャンプ
2747,キャンプ
2748,キャンプ
2749,キャンプ
2750,キャンプ
2751,キャンプ
2752,キャンプ
2754,キャンプ
2757,キャンプ
2759,キャンプ
2761,キャンプ
2762,キャンプ
2763,キャンプ
2764,キャンプ
2765,キャンプ
2766,キャンプ
2769,キャンプ
2770,キャンプ
2771,キャンプ
2772,キャンプ
2774,キャンプ
2775,キャンプ
2779,キャンプ
2782,キャンプ
2784,キャンプ
2786,キャンプ
2787,キャンプ
2788,キャンプ
2789,キャンプ
2790,キャンプ
2791,キャンプ
2792,キャンプ
2793,キャンプ
2794,キャンプ
2795,キャンプ
2796,キャンプ
2797,キャンプ
2798,キャンプ
2799,キャンプ
2800,キャンプ
2801,キャンプ
2802,キャンプ
2803,キャンプ
2804,キャンプ
2805,キャンプ
2806,キャンプ
2807,キャンプ
2808,キャンプ
2810,キャンプ
2812,キャンプ
2813,キャンプ
2815,キャンプ
2816,キャンプ
2817,キャンプ
2818,キャンプ
2819,キャンプ
2820,キャンプ
2822,キャンプ
2824,キャンプ
2826,キャンプ
2827,キャンプ
2828,キャンプ
2829,キャンプ
2835,キャンプ
2836,キャンプ
2837,キャンプ
2839,キャンプ
2840,キャンプ
2841,キャンプ
2843,キャンプ
2844,キャンプ
2846,キャンプ
2847,キャンプ
2848,キャンプ
2851,キャンプ
2852,キャンプ
2856,キャンプ
2857,キャンプ
2858,キャンプ
2859,キャンプ
2860,キャンプ
2861,キャンプ
2862,キャンプ
2863,キャンプ
2865,キャンプ
2866,キャンプ
2867,キャンプ
2868,キャンプ
2870,キャンプ
2871,キャンプ
2872,キャンプ
2874,キャンプ
2875,キャンプ
2876,キャンプ
2877,キャンプ
2878,キャンプ
2879,キャンプ
2880,キャンプ
2881,キャンプ
2882,キャンプ
2883,キャンプ
2884,キャンプ
2885,キャンプ
2886,キャンプ
2887,キャンプ
2888,キャンプ
2889,キャンプ
2890,キャンプ
2891,キャンプ
2892,キャンプ
2893,キャンプ
2894,キャンプ
2896,キャンプ
2897,キャンプ
2898,キャンプ
2899,キャンプ
2900,キャンプ
2901,キャンプ
2902,キャンプ
2903,キャンプ
2905,キャンプ
2906,キャンプ
2907,キャンプ
2908,キャンプ
2912,キャンプ
2915,キャンプ
2916,キャンプ
2917,キャンプ
2918,キャンプ
2919,キャンプ
2921,キャンプ
2922,キャンプ
2924,キャンプ
2925,キャンプ
2926,キャンプ
2927,キャンプ
2928,キャンプ
2929,キャンプ
2930,キャンプ
2931,キャンプ
2932,キャンプ
2935,キャンプ
2936,キャンプ
2937,キャンプ
2939,キャンプ
2940,キャンプ
2941,キャンプ
2942,キャンプ
2943,キャンプ
2944,キャンプ
2946,キャンプ
2947,キャンプ
2948,キャンプ
2949,キャンプ
2950,キャンプ
2951,キャンプ
2952,キャンプ
2953,キャンプ
2956,キャンプ
2959,キャンプ
2961,キャンプ
2962,キャンプ
2964,キャンプ
2965,キャンプ
2966,キャンプ
2967,キャンプ
2968,キャンプ
2969,キャンプ
2970,キャンプ
2971,キャンプ
2972,キャンプ
2973,キャンプ
2974,キャンプ
2975,キャンプ
2976,キャンプ
2977,キャンプ
2978,キャンプ
2979,キャンプ
2982,キャンプ
2983,キャンプ
2984,キャンプ
2985,キャンプ
2986,キャンプ
2987,キャンプ
2988,キャンプ
2989,キャンプ
2990,キャンプ
2991,キャンプ
2992,キャンプ
2993,キャンプ
2995,キャンプ
2996,キャンプ
2997,キャンプ
3000,キャンプ
3002,キャンプ
3003,キャンプ
3004,キャンプ
3005,キャンプ
3006,キャンプ
3007,キャンプ
3008,キャンプ
3010,キャンプ
3011,キャンプ
3013,キャンプ
3014,キャンプ
3015,キャンプ
3016,キャンプ
3017,キャンプ
3018,キャンプ
3019,キャンプ
3020,キャンプ
3021,キャンプ
3022,キャンプ
3024,キャンプ
3028,キャンプ
3029,キャンプ
3030,キャンプ
3031,キャンプ
3032,キャンプ
3033,キャンプ
3034,キャンプ
3035,キャンプ
3036,キャンプ
3037,キャンプ
3038,キャンプ
3039,キャンプ
3040,キャンプ
3041,キャンプ
3042,キャンプ
3043,キャンプ
3044,キャンプ
3045,キャンプ
3046,キャンプ
3048,キャンプ
3051,キャンプ
3052,キャンプ
3053,キャンプ
3054,キャンプ
3055,キャンプ
3056,キャンプ
3057,キャンプ
3060,キャンプ
3061,キャンプ
3062,キャンプ
3063,キャンプ
3064,キャンプ
3066,キャンプ
3067,キャンプ
3068,キャンプ
3070,キャンプ
3071,キャンプ
3072,キャンプ
3073,キャンプ
3074,キャンプ
3075,キャンプ
3076,キャンプ
3077,キャンプ
3078,キャンプ
3079,キャンプ
3081,キャンプ
3082,キャンプ
3083,キャンプ
3086,キャンプ
3087,キャンプ
3088,キャンプ
3089,キャンプ
3090,キャンプ
3091,キャンプ
3093,キャンプ
3094,キャンプ
3095,キャンプ
3096,キャンプ
3097,キャンプ
3098,キャンプ
3099,キャンプ
3100,キャンプ
3101,キャンプ
3102,キャンプ
3103,キャンプ
3104,キャンプ
3105,キャンプ
3106,キャンプ
3107,キャンプ
3108,キャンプ
3109,キャンプ
3111,キャンプ
3112,キャンプ
3113,キャンプ
3114,キャンプ
3115,キャンプ
3117,キャンプ
3120,キャンプ
3125,キャンプ
3127,キャンプ
3129,キャンプ
3130,キャンプ
3132,キャンプ
3134,キャンプ
3135,キャンプ
3138,キャンプ
3141,キャンプ
3142,キャンプ
3143,キャンプ
3145,キャンプ
3146,キャンプ
3147,キャンプ
3148,キャンプ
3150,キャンプ
3152,キャンプ
3153,キャンプ
3155,キャンプ
3156,キャンプ
3157,キャンプ
3158,キャンプ
3159,キャンプ
3160,キャンプ
3161,キャンプ
3162,キャンプ
3163,キャンプ
3165,キャンプ
3167,キャンプ
3168,キャンプ
3169,キャンプ
3171,キャンプ
3173,キャンプ
3174,キャンプ
3175,キャンプ
3176,キャンプ
3177,キャンプ
3178,キャンプ
3179,キャンプ
3181,キャンプ
3182,キャンプ
3183,キャンプ
3185,キャンプ
3186,キャンプ
3189,キャンプ
3190,キャンプ
3192,キャンプ
3194,キャンプ
3196,キャンプ
3197,キャンプ
3198,キャンプ
3200,キャンプ
3201,キャンプ
3203,キャンプ
3204,キャンプ
3206,キャンプ
3208,キャンプ
3210,キャンプ
3211,キャンプ
3213,キャンプ
3214,キャンプ
3217,キャンプ
3219,キャンプ
3221,キャンプ
3223,キャンプ
3224,キャンプ
3225,キャンプ
3230,キャンプ
3235,キャンプ
3238,キャンプ
3240,キャンプ
3241,キャンプ
3243,キャンプ
3244,キャンプ
3246,キャンプ
3247,キャンプ
3248,キャンプ
3249,キャンプ
3250,キャンプ
3251,キャンプ
3252,キャンプ
3253,キャンプ
3254,キャンプ
3255,キャンプ
3256,キャンプ
3257,キャンプ
3258,キャンプ
3259,キャンプ
3260,キャンプ
3261,キャンプ
3262,キャンプ
3263,キャンプ
3264,キャンプ
3265,キャンプ
3266,キャンプ
3267,キャンプ
3268,キャンプ
3269,キャンプ
3270,キャンプ
3271,キャンプ
3272,キャンプ
3273,キャンプ
3274,キャンプ
3275,キャンプ
3276,キャンプ
3280,キャンプ
3281,キャンプ
3283,キャンプ
3284,キャンプ
3285,キャンプ
3286,キャンプ
3287,キャンプ
3289,キャンプ
3294,キャンプ
3295,キャンプ
3296,キャンプ
3298,キャンプ
3299,キャンプ
3300,キャンプ
3301,キャンプ
3302,キャンプ
3303,キャンプ
3306,キャンプ
3307,キャンプ
3308,キャンプ
3310,キャンプ
3313,キャンプ
3315,キャンプ
3316,キャンプ
3317,キャンプ
3323,キャンプ
3324,キャンプ
3325,キャンプ
3326,キャンプ
3327,キャンプ
3328,キャンプ
3329,キャンプ
3330,キャンプ
3331,キャンプ
3334,キャンプ
3338,キャンプ
3341,キャンプ
3342,キャンプ
3344,キャンプ
3345,キャンプ
3347,キャンプ
3350,キャンプ
3353,キャンプ
3354,キャンプ
3355,キャンプ
3357,キャンプ
3358,キャンプ
3359,キャンプ
3360,キャンプ
3361,キャンプ
3362,キャンプ
3363,キャンプ
3364,キャンプ
3365,キャンプ
3368,キャンプ
3370,キャンプ
3372,キャンプ
3374,キャンプ
3378,キャンプ
3379,キャンプ
3384,キャンプ
3385,キャンプ
3386,キャンプ
3387,キャンプ
3388,キャンプ
3389,キャンプ
3390,キャンプ
3391,キャンプ
3392,キャンプ
3393,キャンプ
3394,キャンプ
3395,キャンプ
3396,キャンプ
3397,キャンプ
3398,キャンプ
3400,キャンプ
3401,キャンプ
3402,キャンプ
3403,キャンプ
3404,キャンプ
3405,キャンプ
3406,キャンプ
3408,キャンプ
3409,キャンプ
3410,キャンプ
3412,キャンプ
3414,キャンプ
3415,キャンプ
3417,キャンプ
3418,キャンプ
3420,キャンプ
3421,キャンプ
3422,キャンプ
3423,キャンプ
3424,キャンプ
3425,キャンプ
3426,キャンプ
3428,キャンプ
3429,キャンプ
3430,キャンプ
3431,キャンプ
3432,キャンプ
3433,キャンプ
3434,キャンプ
3435,キャンプ
3436,キャンプ
3438,キャンプ
3439,キャンプ
3440,キャンプ
3441,キャンプ
3442,キャンプ
3444,キャンプ
3445,キャンプ
3446,キャンプ
3447,キャンプ
3448,キャンプ
3449,キャンプ
3450,キャンプ
3451,キャンプ
3452,キャンプ
3453,キャンプ
3454,キャンプ
3455,キャンプ
3456,キャンプ
3459,キャンプ
3461,キャンプ
3462,キャンプ
3466,キャンプ
3467,キャンプ
3468,キャンプ
3469,キャンプ
3470,キャンプ
3471,キャンプ
3473,キャンプ
3474,キャンプ
3475,キャンプ
3476,キャンプ
3477,キャンプ
3478,キャンプ
3479,キャンプ
3480,キャンプ
3481,キャンプ
3483,キャンプ
3484,キャンプ
3489,キャンプ
3492,キャンプ
3494,キャンプ
3496,キャンプ
3497,キャンプ
3498,キャンプ
3499,キャンプ
3500,キャンプ
3501,キャンプ
3502,キャンプ
3503,キャンプ
3504,キャンプ
3505,キャンプ
3506,キャンプ
3507,キャンプ
3508,キャンプ
3510,キャンプ
3511,キャンプ
3512,キャンプ
3513,キャンプ
3514,キャンプ
3515,キャンプ
3516,キャンプ
3519,キャンプ
3521,キャンプ
3524,キャンプ
3525,キャンプ
3526,キャンプ
3527,キャンプ
3528,キャンプ
3529,キャンプ
3531,キャンプ
3534,キャンプ
3535,キャンプ
3536,キャンプ
3537,キャンプ
3538,キャンプ
3539,キャンプ
3543,キャンプ
3544,キャンプ
3545,キャンプ
3546,キャンプ
3548,キャンプ
3549,キャンプ
3550,キャンプ
3551,キャンプ
3552,キャンプ
3553,キャンプ
3554,キャンプ
3555,キャンプ
3556,キャンプ
3557,キャンプ
3559,キャンプ
3563,キャンプ
3564,キャンプ
3565,キャンプ
3566,キャンプ
3567,キャンプ
3568,キャンプ
3569,キャンプ
3571,キャンプ
3572,キャンプ
3573,キャンプ
3574,キャンプ
3576,キャンプ
3577,キャンプ
3578,キャンプ
3580,キャンプ
3581,キャンプ
3584,キャンプ
3586,キャンプ
3587,キャンプ
3590,キャンプ
3591,キャンプ
3592,キャンプ
3593,キャンプ
3594,キャンプ
3596,キャンプ
3597,キャンプ
3598,キャンプ
3599,キャンプ
3604,キャンプ
3606,キャンプ
3608,キャンプ
3609,キャンプ
3614,キャンプ
3615,キャンプ
3616,キャンプ
3617,キャンプ
3618,キャンプ
3619,キャンプ
3622,キャンプ
3623,キャンプ
3624,キャンプ
3625,キャンプ
3626,キャンプ
3627,キャンプ
3628,キャンプ
3629,キャンプ
3632,キャンプ
3633,キャンプ
3634,キャンプ
3635,キャンプ
3637,キャンプ
3638,キャンプ
3639,キャンプ
3640,キャンプ
3641,キャンプ
3643,キャンプ
3646,キャンプ
3648,キャンプ
3649,キャンプ
3652,キャンプ
3653,キャンプ
3654,キャンプ
3655,キャンプ
3658,キャンプ
3660,キャンプ
3661,キャンプ
3662,キャンプ
3663,キャンプ
3664,キャンプ
3667,キャンプ
3668,キャンプ
3669,キャンプ
3671,キャンプ
3672,キャンプ
3673,キャンプ
3674,キャンプ
3675,キャンプ
3676,キャンプ
3677,キャンプ
3678,キャンプ
3679,キャンプ
3680,キャンプ
3681,キャンプ
3682,キャンプ
3683,キャンプ
3684,キャンプ
3685,キャンプ
3686,キャンプ
3687,キャンプ
3688,キャンプ
3689,キャンプ
3690,キャンプ
3691,キャンプ
3692,キャンプ
3693,キャンプ
3694,キャンプ
3695,キャンプ
3696,キャンプ
3697,キャンプ
3698,キャンプ
3699,キャンプ
3700,キャンプ
3701,キャンプ
3702,キャンプ
3703,キャンプ
3704,キャンプ
3705,キャンプ
3706,キャンプ
3707,キャンプ
3708,キャンプ
3709,キャンプ
3710,キャンプ
3711,キャンプ
3712,キャンプ
3713,キャンプ
3714,キャンプ
3715,キャンプ
3716,キャンプ
3717,キャンプ
3719,キャンプ
3720,キャンプ
3723,キャンプ
3724,キャンプ
3725,キャンプ
3726,キャンプ
3727,キャンプ
3728,キャンプ
3729,キャンプ
3730,キャンプ
3731,キャンプ
3732,キャンプ
3733,キャンプ
3735,キャンプ
3736,キャンプ
3737,キャンプ
3738,キャンプ
3739,キャンプ
3740,キャンプ
3741,キャンプ
3742,キャンプ
3743,キャンプ
3744,キャンプ
3745,キャンプ
3746,キャンプ
3747,キャンプ
3751,キャンプ
3752,キャンプ
3753,キャンプ
3754,キャンプ
3755,キャンプ
3756,キャンプ
3758,キャンプ
3760,キャンプ
3761,キャンプ
3763,キャンプ
3764,キャンプ
3765,キャンプ
3766,キャンプ
3767,キャンプ
3768,キャンプ
3769,キャンプ
3770,キャンプ
3771,キャンプ
3773,キャンプ
3774,キャンプ
3783,キャンプ
3784,キャンプ
3785,キャンプ
3786,キャンプ
3787,キャンプ
3788,キャンプ
3789,キャンプ
3790,キャンプ
3791,キャンプ
3792,キャンプ
3793,キャンプ
3794,キャンプ
3795,キャンプ
3797,キャンプ
3798,キャンプ
3799,キャンプ
3801,キャンプ
3802,キャンプ
3806,キャンプ
3807,キャンプ
3808,キャンプ
3809,キャンプ
3810,キャンプ
3811,キャンプ
3812,キャンプ
3813,キャンプ
3814,キャンプ
3816,キャンプ
3819,キャンプ
3821,キャンプ
3822,キャンプ
3823,キャンプ
3824,キャンプ
3825,キャンプ
3826,キャンプ
3827,キャンプ
3830,キャンプ
3831,キャンプ
3832,キャンプ
3833,キャンプ
3834,キャンプ
3835,キャンプ
3836,キャンプ
3837,キャンプ
3838,キャンプ
3839,キャンプ
3840,キャンプ
3841,キャンプ
3843,キャンプ
3844,キャンプ
3845,キャンプ
3846,キャンプ
3847,キャンプ
3849,キャンプ
3851,キャンプ
3852,キャンプ
3855,キャンプ
3857,キャンプ
3858,キャンプ
3859,キャンプ
3861,キャンプ
3862,キャンプ
3863,キャンプ
3864,キャンプ
3865,キャンプ
3868,キャンプ
3869,キャンプ
3870,キャンプ
3871,キャンプ
3872,キャンプ
3873,キャンプ
3877,キャンプ
3879,キャンプ
3882,キャンプ
3884,キャンプ
3888,キャンプ
3889,キャンプ
3893,キャンプ
3894,キャンプ
3895,キャンプ
3896,キャンプ
3897,キャンプ
3898,キャンプ
3899,キャンプ
3900,キャンプ
3901,キャンプ
3906,キャンプ
3908,キャンプ
3909,キャンプ
3910,キャンプ
3911,キャンプ
3912,キャンプ
3914,キャンプ
3915,キャンプ
3916,キャンプ
3917,キャンプ
3918,キャンプ
3919,キャンプ
3920,キャンプ
3922,キャンプ
3925,キャンプ
3926,キャンプ
3927,キャンプ
3928,キャンプ
3929,キャンプ
3930,キャンプ
3932,キャンプ
3933,キャンプ
3937,キャンプ
3938,キャンプ
3939,キャンプ
3940,キャンプ
3941,キャンプ
3942,キャンプ
3943,キャンプ
3945,キャンプ
3946,キャンプ
3947,キャンプ
3948,キャンプ
3949,キャンプ
3950,キャンプ
3951,キャンプ
3952,キャンプ
3953,キャンプ
3955,キャンプ
3957,キャンプ
3958,キャンプ
3959,キャンプ
3962,キャンプ
3963,キャンプ
3964,キャンプ
3965,キャンプ
3966,キャンプ
3967,キャンプ
3968,キャンプ
3969,キャンプ
3971,キャンプ
3972,キャンプ
3973,キャンプ
3974,キャンプ
3977,キャンプ
3978,キャンプ
3979,キャンプ
3980,キャンプ
3981,キャンプ
3983,キャンプ
3984,キャンプ
3985,キャンプ
3986,キャンプ
3987,キャンプ
3988,キャンプ
3989,キャンプ
3990,キャンプ
3991,キャンプ
3992,キャンプ
3993,キャンプ
3994,キャンプ
3996,キャンプ
3997,キャンプ
3998,キャンプ
3999,キャンプ
4000,キャンプ
4002,キャンプ
4003,キャンプ
4005,キャンプ
4006,キャンプ
4007,キャンプ
4008,キャンプ
4009,キャンプ
4010,キャンプ
4011,キャンプ
4012,キャンプ
4014,キャンプ
4015,家電
4016,家電
4017,家電
4018,家電
4019,家電
4020,家電
4021,家電
4022,家電
4023,家電
4024,家電
4025,家電
4027,家電
4029,家電
4030,家電
4031,家電
4032,家電
4033,家電
4034,家電
4035,家電
4036,家電
4037,家電
4039,家電
4040,家電
4041,家電
4042,家電
4043,家電
4046,家電
4047,家電
4051,家電
4052,家電
4053,家電
4054,家電
4055,家電
4056,家電
4061,家電
4062,家電
4063,家電
4064,家電
4065,家電
4066,家電
4067,家電
4068,家電
4069,家電
4074,家電
4077,家電
4078,家電
4079,家電
4080,家電
4081,家電
4082,家電
4083,家電
4084,家電
4085,家電
4086,家電
4089,家電
4090,家電
4091,家電
4092,家電
4093,家電
4102,家電
4103,家電
4104,家電
4105,家電
4109,家電
4110,家電
4111,家電
4113,家電
4115,家電
4116,家電
4117,家電
4121,家電
4123,家電
4124,家電
4125,家電
4126,家電
4127,家電
4128,家電
4129,家電
4130,家電
4131,家電
4132,家電
4133,家電
4135,家電
4138,家電
4139,家電
4141,家電
4142,家電
4143,家電
4144,家電
4146,家電
4147,家電
4148,家電
4149,家電
4152,家電
4153,家電
4154,家電
4155,家電
4156,家電
4157,家電
4158,家電
4159,家電
4160,家電
4161,家電
4164,家電
4166,家電
4167,家電
4168,家電
4171,家電
4174,家電
4175,家電
4178,家電
4180,家電
4181,家電
4184,家電
4187,家電
4189,家電
4190,家電
4191,家電
4193,家電
4194,家電
4195,家電
4197,家電
4198,家電
4200,家電
4202,家電
4203,家電
4204,家電
4205,家電
4207,家電
4210,家電
4211,家電
4212,家電
4214,家電
4215,家電
4217,家電
4218,家電
4219,家電
4220,家電
4221,家電
4223,家電
4224,家電
4225,家電
4226,家電
4228,家電
4229,家電
4231,家電
4232,家電
4233,家電
4234,家電
4235,家電
4236,家電
4237,家電
4238,家電
4239,家電
4240,家電
4241,家電
4242,家電
4243,家電
4246,家電
4247,家電
4248,家電
4251,家電
4252,家電
4254,家電
4255,家電
4256,家電
4259,家電
4260,家電
4262,家電
4263,家電
4265,家電
4267,家電
4268,家電
4270,家電
4273,家電
4275,家電
4276,家電
4278,家電
4280,家電
4282,家電
4284,家電
4285,家電
4289,家電
4290,家電
4291,家電
4292,家電
4293,家電
4294,家電
4296,家電
4297,家電
4298,家電
4299,家電
4300,家電
4304,家電
4305,家電
4306,家電
4307,家電
4308,家電
4310,家電
4312,家電
4313,家電
4316,家電
4317,家電
4321,家電
4322,家電
4323,家電
4325,家電
4326,家電
4327,家電
4329,家電
4333,家電
4334,家電
4337,家電
4338,家電
4339,家電
4340,家電
4342,家電
4343,家電
4344,家電
4345,家電
4347,家電
4349,家電
4350,家電
4351,家電
4353,家電
4354,家電
4355,家電
4356,家電
4357,家電
4359,家電
4361,家電
4366,家電
4367,家電
4368,家電
4369,家電
4370,家電
4371,家電
4372,家電
4373,家電
4374,家電
4378,家電
4380,家電
4381,家電
4383,家電
4384,家電
4386,家電
4387,家電
4388,家電
4389,家電
4390,家電
4392,家電
4393,家電
4394,家電
4395,家電
4396,家電
4397,家電
4399,家電
4402,家電
4403,家電
4404,家電
4406,家電
4407,家電
4408,家電
4409,家電
4410,家電
4412,家電
4419,家電
4420,家電
4422,家電
4424,家電
4426,家電
4427,家電
4428,家電
4429,家電
4432,家電
4433,家電
4434,家電
4436,家電
4437,家電
4438,家電
4439,家電
4440,家電
4441,家電
4442,家電
4443,家電
4444,家電
4445,家電
4446,家電
4447,家電
4448,家電
4449,家電
4450,家電
4451,家電
4452,家電
4453,家電
4454,家電
4458,家電
4459,家電
4462,家電
4463,家電
4464,家電
4465,家電
4466,家電
4467,家電
4470,家電
4471,家電
4473,家電
4474,家電
4475,家電
4476,家電
4477,家電
4478,家電
4480,家電
4482,家電
4483,家電
4484,家電
4487,家電
4488,家電
4489,家電
4490,家電
4492,家電
4495,家電
4496,家電
4497,家電
4498,家電
4499,家電
4500,家電
4502,家電
4504,家電
4505,家電
4506,家電
4508,家電
4509,家電
4511,家電
4516,家電
4517,家電
4518,家電
4519,家電
4520,家電
4521,家電
4522,家電
4523,家電
4524,家電
4526,家電
4527,家電
4529,家電
4531,家電
4533,家電
4534,家電
4535,家電
4537,家電
4541,家電
4544,家電
4545,家電
4546,家電
4552,家電
4553,家電
4557,家電
4558,家電
4562,家電
4563,家電
4564,家電
4565,家電
4568,家電
4571,家電
4572,家電
4573,家電
4574,家電
4577,家電
4578,家電
4580,家電
4581,家電
4583,家電
4584,家電
4585,家電
4587,家電
4589,家電
4591,家電
4593,家電
4594,家電
4595,家電
4597,家電
4599,家電
4600,家電
4602,家電
4603,家電
4605,家電
4608,家電
4610,家電
4611,家電
4612,家電
4613,家電
4614,家電
4615,家電
4616,家電
4617,家電
4619,家電
4621,家電
4622,家電
4623,家電
4624,家電
4625,家電
4626,家電
4628,家電
4629,家電
4630,家電
4632,家電
4634,家電
4635,家電
4636,家電
4638,家電
4639,家電
4640,家電
4641,家電
4642,家電
4643,家電
4644,家電
4645,家電
4646,家電
4649,家電
4653,家電
4654,家電
4658,家電
4660,家電
4661,家電
4662,家電
4663,家電
4666,家電
4670,家電
4671,家電
4672,家電
4673,家電
4675,家電
4676,家電
4677,家電
4678,家電
4679,家電
4681,家電
4683,家電
4686,家電
4687,家電
4688,家電
4689,家電
4690,家電
4695,家電
4697,家電
4699,家電
4700,家電
4701,家電
4703,家電
4704,家電
4705,家電
4708,家電
4709,家電
4710,家電
4711,家電
4713,家電
4714,家電
4715,家電
4717,家電
4718,家電
4719,家電
4720,家電
4721,家電
4722,家電
4723,家電
4725,家電
4727,家電
4728,家電
4732,家電
4733,家電
4734,家電
4735,家電
4736,家電
4738,家電
4740,家電
4741,家電
4743,家電
4744,家電
4745,家電
4748,家電
4749,家電
4750,家電
4754,家電
4756,家電
4757,家電
4759,家電
4765,家電
4766,家電
4769,家電
4770,家電
4771,家電
4772,家電
4773,家電
4774,家電
4775,家電
4776,家電
4777,家電
4780,家電
4782,家電
4783,家電
4784,家電
4785,家電
4786,家電
4787,家電
4788,家電
4789,家電
4792,家電
4794,家電
4795,家電
4796,家電
4798,家電
4799,家電
4800,家電
4801,家電
4802,家電
4803,家電
4804,家電
4808,家電
4809,家電
4810,家電
4811,家電
4812,家電
4813,家電
4814,家電
4815,家電
4816,家電
4818,家電
4821,家電
4822,家電
4823,家電
4825,家電
4826,家電
4827,家電
4828,家電
4830,家電
4831,家電
4833,家電
4835,家電
4836,家電
4840,家電
4844,家電
4845,家電
4846,家電
4847,家電
4848,家電
4849,家電
4850,家電
4852,家電
4855,家電
4857,家電
4860,家電
4862,家電
4863,家電
4864,家電
4865,家電
4866,家電
4867,家電
4871,家電
4873,家電
4874,家電
4876,家電
4877,家電
4878,家電
4879,家電
4880,家電
4881,家電
4883,家電
4885,家電
4886,家電
4887,家電
4888,家電
4889,家電
4890,家電
4893,家電
4896,家電
4898,家電
4899,家電
4900,家電
4901,家電
4902,家電
4903,家電
4909,家電
4911,家電
4912,家電
4914,家電
4915,家電
4916,家電
4917,家電
4919,家電
4920,家電
4921,家電
4925,家電
4926,家電
4927,家電
4928,家電
4929,家電
4932,家電
4936,家電
4939,家電
4941,家電
4942,家電
4945,家電
4946,家電
4947,家電
4951,家電
4952,家電
4953,家電
4954,家電
4956,家電
4957,家電
4958,家電
4959,家電
4961,家電
4962,家電
4963,家電
4964,家電
4965,家電
4966,家電
4967,家電
4969,家電
4970,家電
4971,家電
4973,家電
4974,家電
4975,家電
4976,家電
4977,家電
4978,家電
4979,家電
4980,家電
4981,家電
4985,家電
4987,家電
4988,家電
4989,家電
4990,家電
4991,家電
4992,家電
4993,家電
4994,家電
4995,家電
4998,家電
5004,家電
5007,家電
5008,家電
5009,家電
5010,家電
5011,家電
5012,家電
5013,家電
5014,家電
5015,家電
5016,家電
5021,家電
5023,家電
5025,家電
5026,家電
5027,家電
5028,家電
5033,家電
5034,家電
5039,家電
5040,家電
5041,家電
5046,家電
5047,家電
5048,家電
5049,家電
5051,家電
5053,家電
5054,家電
5055,家電
5059,家電
5060,家電
5062,家電
5063,家電
5064,家電
5065,家電
5066,家電
5068,家電
5069,家電
5071,家電
5072,家電
5073,家電
5074,家電
5075,家電
5076,家電
5077,家電
5080,家電
5081,家電
5083,家電
5088,家電
5092,家電
5093,家電
5094,家電
5095,家電
5096,家電
5099,家電
5102,家電
5103,家電
5105,家電
5106,家電
5107,家電
5108,家電
5109,家電
5110,家電
5111,家電
5112,家電
5113,家電
5114,家電
5116,家電
5120,家電
5121,家電
5127,家電
5128,家電
5131,家電
5134,家電
5135,家電
5136,家電
5137,家電
5139,家電
5146,家電
5147,家電
5151,家電
5152,家電
5155,家電
5156,家電
5159,家電
5165,家電
5168,家電
5170,家電
5171,家電
5177,家電
5178,家電
5181,家電
5187,家電
5189,家電
5197,家電
5198,家電
5202,家電
5205,家電
5209,家電
5212,家電
5213,家電
5214,家電
5218,家電
5219,家電
5220,家電
5221,家電
5222,家電
5224,家電
5225,家電
5226,家電
5231,家電
5237,家電
5238,家電
5239,家電
5240,家電
5241,家電
5244,家電
5246,家電
5247,家電
5248,家電
5250,家電
5254,家電
5255,家電
5256,家電
5258,家電
5264,家電
5265,家電
5266,家電
5267,家電
5268,家電
5269,家電
5272,家電
5275,家電
5278,家電
5279,家電
5282,家電
5283,家電
5284,家電
5285,家電
5288,家電
5291,家電
5292,家電
5293,家電
5294,家電
5296,家電
5297,家電
5298,家電
5299,家電
5300,家電
5303,家電
5304,家電
5307,家電
5308,家電
5309,家電
5311,家電
5312,家電
5313,家電
5316,家電
5319,家電
5321,家電
5322,家電
5323,家電
5324,家電
5325,家電
5328,家電
5329,家電
5333,家電
5334,家電
5337,家電
5338,家電
5339,家電
5341,家電
5345,家電
5346,家電
5347,家電
5348,家電
5349,家電
5353,家電
5356,家電
5357,家電
5358,家電
5361,家電
5363,家電
5364,家電
5365,家電
5372,家電
5373,家電
5375,家電
5377,家電
5378,家電
5379,家電
5380,家電
5382,家電
5384,家電
5385,家電
5387,家電
5388,家電
5389,家電
5390,家電
5391,家電
5397,家電
5398,家電
5400,家電
5401,家電
5404,家電
5409,家電
5410,家電
5414,家電
5415,家電
5416,家電
5417,家電
5418,家電
5419,家電
5420,家電
5421,家電
5422,家電
5423,家電
5424,家電
5425,家電
5427,家電
5428,家電
5433,家電
5434,家電
5435,家電
5437,家電
5438,家電
5440,家電
5442,家電
5443,家電
5444,家電
5445,家電
5446,家電
5447,家電
5448,家電
5449,家電
5450,家電
5451,家電
5452,家電
5454,家電
5455,家電
5456,家電
5458,家電
5459,家電
5460,家電
5461,家電
5462,家電
5463,家電
5464,家電
5465,家電
5466,家電
5468,家電
5470,家電
5471,家電
5472,家電
5475,家電
5476,家電
5477,家電
5478,家電
5479,家電
5480,家電
5481,家電
5483,家電
5485,家電
5486,家電
5489,家電
5490,家電
5493,家電
5497,家電
5498,家電
5499,家電
5500,家電
5501,家電
5502,家電
5503,家電
5504,家電
5505,家電
5506,家電
5507,家電
5508,家電
5512,家電
5513,家電
5515,家電
5521,家電
5522,家電
5523,家電
5524,家電
5525,家電
5527,家電
5528,家電
5529,家電
5530,家電
5531,家電
5532,家電
5537,家電
5538,家電
5539,家電
5540,家電
5541,家電
5543,家電
5544,家電
5548,家電
5550,家電
5553,家電
5556,家電
5560,家電
5562,家電
5563,家電
5564,家電
5568,家電
5569,家電
5570,家電
5572,家電
5573,家電
5574,家電
5575,家電
5577,家電
5580,家電
5581,家電
5582,家電
5584,家電
5585,家電
5588,家電
5589,家電
5590,家電
5591,家電
5596,家電
5597,家電
5601,家電
5602,家電
5603,家電
5604,家電
5607,家電
5608,家電
5609,家電
5610,家電
5611,家電
5612,家電
5613,家電
5614,家電
5615,家電
5617,家電
5618,家電
5619,家電
5620,家電
5621,家電
5625,家電
5628,家電
5629,家電
5630,家電
5632,家電
5633,家電
5635,家電
5636,家電
5637,家電
5638,家電
5640,家電
5643,家電
5644,家電
5646,家電
5649,家電
5650,家電
5651,家電
5657,家電
5663,家電
5664,家電
5665,家電
5666,家電
5667,家電
5668,家電
5669,家電
5670,家電
5672,家電
5673,家電
5675,家電
5678,家電
5679,家電
5680,家電
5682,家電
5684,家電
5685,家電
5688,家電
5689,家電
5690,家電
5693,家電
5694,家電
5696,家電
5699,家電
5700,家電
5704,家電
5706,家電
5707,家電
5710,家電
5712,家電
5720,家電
5721,家電
5723,家電
5733,家電
5735,家電
5736,家電
5741,家電
5742,家電
5745,家電
5746,家電
5747,家電
5749,家電
5752,家電
5755,家電
5764,家電
5767,家電
5768,家電
5771,家電
5772,家電
5773,家電
5779,家電
5780,家電
5782,家電
5784,家電
5785,家電
5786,家電
5787,家電
5788,家電
5791,家電
5792,家電
5796,家電
5797,家電
5799,家電
5801,家電
5802,家電
5803,家電
5804,家電
5809,家電
5810,家電
5812,家電
5816,家電
5817,家電
5818,家電
5820,家電
5826,家電
5828,家電
5829,家電
5833,家電
5836,家電
5838,家電
5839,家電
5840,家電
5841,家電
5843,家電
5847,家電
5849,家電
5853,家電
5856,家電
5863,家電
5867,家電
5872,家電
5873,家電
5874,家電
5875,家電
5876,家電
5878,家電
5879,家電
5880,家電
5881,家電
5882,家電
5883,家電
5884,家電
5888,家電
5889,家電
5890,家電
5891,家電
5893,家電
5896,家電
5899,家電
5900,家電
5901,家電
5902,家電
5903,家電
5909,家電
5912,家電
5915,家電
5919,家電
5922,家電
5925,家電
5927,家電
5929,家電
5932,家電
5938,家電
5941,家電
5942,家電
5943,家電
5944,家電
5945,家電
5947,家電
5949,家電
5951,家電
5952,家電
5953,家電
5954,家電
5955,家電
5956,家電
5957,家電
5959,家電
5961,家電
5962,家電
5963,家電
5965,家電
5968,家電
5969,家電
5970,家電
5971,家電
5974,家電
5975,家電
5979,家電
5980,家電
5984,家電
5986,家電
5988,家電
5989,家電
5990,家電
5991,家電
5992,家電
5993,家電
5994,家電
5995,家電
5999,家電
6001,家電
6002,家電
6003,家電
6005,家電
6006,家電
6009,家電
6012,家電
6013,家電
6014,家電
6016,家電
6020,家電
6021,家電
6022,家電
6023,家電
6025,家電
6027,家電
6030,家電
6031,家電
6033,家電
6035,家電
6036,家電
6039,家電
6040,家電
6041,家電
6042,家電
6044,家電
6049,家電
6051,家電
6055,家電
6057,家電
6058,家電
6059,家電
6060,家電
6062,家電
6063,家電
6064,家電
6067,家電
6070,家電
6078,家電
6086,家電
6090,家電
6093,家電
6095,家電
6100,家電
6101,家電
6104,家電
6107,家電
6111,家電
6116,家電
6119,家電
6122,家電
6123,家電
6124,家電
6125,家電
6140,家電
6141,家電
6143,家電
6145,家電
6148,家電
6153,家電
6155,家電
6156,家電
6157,家電
6158,家電
6159,家電
6162,家電
6163,家電
6166,家電
6169,家電
6170,家電
6178,家電
6181,家電
6182,家電
6183,家電
6184,家電
6185,家電
6186,家電
6187,家電
6188,家電
6192,家電
6193,家電
6195,家電
6196,家電
6197,家電
6201,家電
6202,家電
6203,家電
6204,家電
6210,家電
6212,家電
6213,家電
6214,家電
6215,家電
6216,家電
6217,家電
6218,家電
6219,家電
6220,家電
6222,家電
6223,家電
6225,家電
6228,家電
6232,家電
6234,家電
6235,家電
6237,家電
6238,家電
6239,家電
6241,家電
6242,家電
6244,家電
6245,家電
6246,家電
6249,家電
6250,家電
6251,家電
6252,家電
6254,家電
6263,家電
6264,家電
6265,家電
6266,家電
6267,家電
6268,家電
6269,家電
6270,家電
6271,家電
6273,家電
6279,家電
6280,家電
6281,家電
6283,家電
6285,家電
6286,家電
6287,家電
6288,家電
6289,家電
6290,家電
6291,家電
6294,家電
6295,家電
6296,家電
6297,家電
6298,家電
6299,家電
6300,家電
6301,家電
6302,家電
6303,家電
6305,家電
6306,家電
6308,家電
6310,家電
6313,家電
6314,家電
6315,家電
6316,家電
6319,家電
6320,家電
6322,家電
6323,家電
6324,家電
6327,家電
6329,家電
6330,家電
6331,家電
6332,家電
6333,家電
6334,家電
6335,家電
6336,家電
6337,家電
6338,家電
6339,家電
6341,家電
6342,家電
6344,家電
6345,家電
6347,家電
6348,家電
6349,家電
6350,家電
6357,家電
6358,家電
6365,家電
6367,家電
6368,家電
6370,家電
6371,家電
6373,家電
6374,家電
6375,家電
6376,家電
6377,家電
6378,家電
6379,家電
6380,家電
6382,家電
6383,家電
6385,家電
6386,家電
6387,家電
6390,家電
6395,家電
6400,家電
6402,家電
6405,家電
6407,家電
6408,家電
6410,家電
6412,家電
6415,家電
6417,家電
6422,家電
6424,家電
6425,家電
6427,家電
6428,家電
6429,家電
6433,家電
6434,家電
6436,家電
6440,家電
6442,家電
6448,家電
6449,家電
6452,家電
6453,家電
6454,家電
6460,家電
6461,家電
6464,家電
6465,家電
6466,家電
6476,家電
6477,家電
6480,家電
6482,家電
6483,家電
6484,家電
6493,家電
6502,家電
6503,日用品
6506,日用品
6509,日用品
6510,日用品
6514,日用品
6515,日用品
6516,日用品
6517,日用品
6523,日用品
6527,日用品
6528,日用品
6530,日用品
6533,日用品
6534,日用品
6535,日用品
6536,日用品
6537,日用品
6538,日用品
6539,日用品
6541,日用品
6542,日用品
6545,日用品
6547,日用品
6548,日用品
6549,日用品
6550,日用品
6551,日用品
6552,日用品
6553,日用品
6554,日用品
6557,日用品
6558,日用品
6559,日用品
6560,日用品
6561,日用品
6563,日用品
6564,日用品
6565,日用品
6566,日用品
6567,日用品
6568,日用品
6571,日用品
6572,日用品
6573,日用品
6574,日用品
6577,日用品
6578,日用品
6579,日用品
6581,日用品
6582,日用品
6583,日用品
6584,日用品
6586,日用品
6587,日用品
6588,日用品
6591,日用品
6592,日用品
6593,日用品
6595,日用品
6596,日用品
6597,日用品
6598,日用品
6603,日用品
6604,日用品
6609,日用品
6611,日用品
6612,日用品
6614,日用品
6615,日用品
6616,日用品
6617,日用品
6618,日用品
6619,日用品
6620,日用品
6624,日用品
6625,日用品
6628,日用品
6629,日用品
6631,日用品
6636,日用品
6638,日用品
6639,日用品
6643,日用品
6644,日用品
6645,日用品
6650,日用品
6654,日用品
6656,日用品
6658,日用品
6659,日用品
6660,日用品
6662,日用品
6663,日用品
6664,日用品
6665,日用品
6666,日用品
6667,日用品
6668,日用品
6669,日用品
6670,日用品
6671,日用品
6678,日用品
6679,日用品
6684,日用品
6686,日用品
6687,日用品
6688,日用品
6689,日用品
6691,日用品
6692,日用品
6695,日用品
6696,日用品
6699,日用品
6702,日用品
6705,日用品
6706,日用品
6707,日用品
6708,日用品
6709,日用品
6710,日用品
6711,日用品
6713,日用品
6715,日用品
6718,日用品
6720,日用品
6721,日用品
6722,日用品
6723,日用品
6724,日用品
6731,日用品
6732,日用品
6734,日用品
6744,日用品
6746,日用品
6748,日用品
6750,日用品
6751,日用品
6752,日用品
6753,日用品
6754,日用品
6755,日用品
6760,日用品
6763,日用品
6764,日用品
6765,日用品
6768,日用品
6769,日用品
6770,日用品
6772,日用品
6773,日用品
6774,日用品
6775,日用品
6776,日用品
6777,日用品
6780,日用品
6782,日用品
6783,日用品
6785,日用品
6786,日用品
6787,日用品
6788,日用品
6789,日用品
6790,日用品
6791,日用品
6793,日用品
6794,日用品
6796,日用品
6797,日用品
6798,日用品
6800,日用品
6803,日用品
6804,日用品
6807,日用品
6808,日用品
6809,日用品
6810,日用品
6811,日用品
6812,日用品
6814,日用品
6816,日用品
6817,日用品
6818,日用品
6820,日用品
6821,日用品
6827,日用品
6832,日用品
6835,日用品
6836,日用品
6837,日用品
6849,日用品
6850,日用品
6851,日用品
6852,日用品
6853,日用品
6856,日用品
6857,日用品
6858,日用品
6860,日用品
6862,日用品
6863,日用品
6867,日用品
6868,日用品
6869,日用品
6870,日用品
6872,日用品
6873,日用品
6874,日用品
6879,日用品
6880,日用品
6881,日用品
6882,日用品
6883,日用品
6884,日用品
6885,日用品
6886,日用品
6887,日用品
6888,日用品
6889,日用品
6890,日用品
6893,日用品
6898,日用品
6899,日用品
6902,日用品
6909,日用品
6911,日用品
6912,日用品
6918,日用品
6920,日用品
6927,日用品
6932,日用品
6934,日用品
6935,日用品
6936,日用品
6938,日用品
6939,日用品
6942,日用品
6944,日用品
6945,日用品
6946,日用品
6947,日用品
6948,日用品
6949,日用品
6950,日用品
6951,日用品
6952,日用品
6953,日用品
6954,日用品
6957,日用品
6958,日用品
6959,日用品
6961,日用品
6962,日用品
6963,日用品
6965,日用品
6966,日用品
6967,日用品
6969,日用品
6970,日用品
6971,日用品
6973,日用品
6974,日用品
6975,日用品
6978,日用品
6979,日用品
6981,日用品
6982,日用品
6983,日用品
6984,日用品
6985,日用品
6986,日用品
6987,日用品
6989,日用品
6990,日用品
6992,日用品
6993,日用品
6994,日用品
6996,日用品
6997,日用品
6998,日用品
6999,日用品
7000,日用品
7001,日用品
7004,日用品
7005,日用品
7007,日用品
7008,日用品
7009,日用品
7010,日用品
7012,日用品
7013,日用品
7015,日用品
7016,日用品
7017,日用品
7018,日用品
7019,日用品
7020,日用品
7022,日用品
7023,日用品
7024,日用品
7025,日用品
7026,日用品
7027,日用品
7028,日用品
7030,日用品
7031,日用品
7032,日用品
7033,日用品
7034,日用品
7036,日用品
7037,日用品
7038,日用品
7040,日用品
7041,日用品
7044,日用品
7045,日用品
7046,日用品
7047,日用品
7048,日用品
7049,日用品
7050,日用品
7051,日用品
7052,日用品
7053,日用品
7054,日用品
7055,日用品
7056,日用品
7057,日用品
7058,日用品
7059,日用品
7060,日用品
7061,日用品
7062,日用品
7063,日用品
7064,日用品
7065,日用品
7067,日用品
7069,日用品
7070,日用品
7071,日用品
7072,日用品
7073,日用品
7074,日用品
7075,日用品
7076,日用品
7078,日用品
7079,日用品
7080,日用品
7082,日用品
7083,日用品
7084,日用品
7085,日用品
7086,日用品
7087,日用品
7088,日用品
7089,日用品
7090,日用品
7091,日用品
7092,日用品
7093,日用品
7096,日用品
7099,日用品
7101,日用品
7102,日用品
7103,日用品
7104,日用品
7107,日用品
7108,日用品
7109,日用品
7114,日用品
7115,日用品
7116,日用品
7117,日用品
7118,日用品
7121,日用品
7122,日用品
7123,日用品
7124,日用品
7125,日用品
7127,日用品
7131,日用品
7132,日用品
7134,日用品
7137,日用品
7139,日用品
7141,日用品
7142,日用品
7143,日用品
7147,日用品
7149,日用品
7150,日用品
7151,日用品
7153,日用品
7154,日用品
7155,日用品
7156,日用品
7158,日用品
7160,日用品
7161,日用品
7162,日用品
7163,日用品
7164,日用品
7165,日用品
7167,日用品
7169,日用品
7171,日用品
7173,日用品
7175,日用品
7176,日用品
7177,日用品
7178,日用品
7179,日用品
7181,日用品
7184,日用品
7190,日用品
7191,日用品
7192,日用品
7193,日用品
7202,日用品
7205,日用品
7206,日用品
7208,日用品
7209,日用品
7211,日用品
7212,日用品
7215,日用品
7216,日用品
7217,日用品
7218,日用品
7219,日用品
7222,日用品
7223,日用品
7225,日用品
7228,日用品
7234,日用品
7235,日用品
7236,日用品
7238,日用品
7243,日用品
7245,日用品
7247,日用品
7248,日用品
7251,日用品
7254,日用品
7255,日用品
7256,日用品
7257,日用品
7258,日用品
7259,日用品
7260,日用品
7261,日用品
7262,日用品
7263,日用品
7264,日用品
7265,日用品
7266,日用品
7282,日用品
7285,日用品
7292,日用品
7293,日用品
7294,日用品
7297,日用品
7299,日用品
7301,日用品
7302,日用品
7303,日用品
7304,日用品
7305,日用品
7306,日用品
7307,日用品
7308,日用品
7310,日用品
7311,日用品
7312,日用品
7315,日用品
7316,日用品
7317,日用品
7318,日用品
7319,日用品
7320,日用品
7321,日用品
7323,日用品
7324,日用品
7325,日用品
7326,日用品
7327,日用品
7328,日用品
7333,日用品
7335,日用品
7336,日用品
7340,日用品
7344,日用品
7345,日用品
7346,日用品
7347,日用品
7348,日用品
7349,日用品
7352,日用品
7354,日用品
7357,日用品
7360,日用品
7361,日用品
7362,日用品
7364,日用品
7366,日用品
7367,日用品
7368,日用品
7369,日用品
7371,日用品
7372,日用品
7373,日用品
7375,日用品
7376,日用品
7377,日用品
7379,日用品
7380,日用品
7381,日用品
7382,日用品
7386,日用品
7387,日用品
7390,日用品
7394,日用品
7395,日用品
7396,日用品
7411,日用品
7414,日用品
7419,日用品
7438,日用品
7439,日用品
7440,日用品
7443,日用品
7444,日用品
7445,日用品
7448,日用品
7449,日用品
7450,日用品
7451,日用品
7454,日用品
7455,日用品
7457,日用品
7458,日用品
7459,日用品
7460,日用品
7477,日用品
7479,日用品
7481,日用品
7482,日用品
7486,日用品
7487,日用品
7492,日用品
7493,日用品
7541,日用品
7560,日用品
7561,日用品
7562,日用品
7564,日用品
7566,日用品
7569,日用品
7570,日用品
7572,日用品
7573,日用品
7579,日用品
7581,日用品
7584,日用品
7587,日用品
7614,日用品
7615,日用品
7616,日用品
7618,日用品
7619,日用品
7620,日用品
7624,日用品
7636,日用品
7646,日用品
7647,日用品
7649,日用品
7650,日用品
7657,日用品
7669,日用品
7698,日用品
7700,日用品
7701,日用品
7702,日用品
7704,日用品
7705,日用品
7706,日用品
7707,日用品
7708,日用品
7713,日用品
7714,日用品
7716,日用品
7720,日用品
7727,日用品
7728,日用品
7730,日用品
7742,日用品
7743,日用品
7745,日用品
7748,日用品
7749,日用品
7753,日用品
7756,日用品
7757,日用品
7762,日用品
7766,日用品
7767,日用品
7772,日用品
7773,日用品
7781,日用品
7782,日用品
7786,日用品
7789,日用品
7792,日用品
7802,日用品
7810,日用品
7811,日用品
7812,日用品
7815,日用品
7820,日用品
7822,日用品
7826,日用品
7831,日用品
7832,日用品
7833,日用品
7834,日用品
7835,日用品
7839,日用品
7840,日用品
7841,日用品
7842,日用品
7843,日用品
7844,日用品
7845,日用品
7846,日用品
7879,日用品
7882,日用品
7883,日用品
7884,日用品
7888,日用品
7889,日用品
7891,日用品
7894,日用品
7895,日用品
7896,日用品
7899,日用品
7900,日用品
7916,日用品
7920,日用品
7924,日用品
7925,日用品
7926,日用品
7930,日用品
7932,日用品
7934,日用品
7936,日用品
7937,日用品
7938,日用品
7939,日用品
7940,日用品
7943,日用品
7944,日用品
7951,日用品
7976,日用品
7979,日用品
7980,日用品
7981,日用品
7982,日用品
7983,日用品
7984,日用品
7986,日用品
7987,日用品
7988,日用品
7991,日用品
7993,日用品
8008,日用品
8010,日用品
8011,日用品
8012,日用品
8014,日用品
8015,日用品
8016,日用品
8019,日用品
8024,日用品
8025,日用品
8033,日用品
8035,日用品
8042,日用品
8043,日用品
8044,日用品
8045,日用品
8057,日用品
8092,日用品
8093,日用品
8094,日用品
8117,日用品
8118,日用品
8119,日用品
8121,日用品
8125,日用品
8126,日用品
8128,日用品
8131,日用品
8132,日用品
8136,日用品
8137,日用品
8138,日用品
8142,日用品
8143,日用品
8147,日用品
8153,日用品
8154,日用品
8157,日用品
8158,日用品
8167,日用品
8169,日用品
8183,日用品
8188,日用品
8189,日用品
8190,日用品
8191,日用品
8195,日用品
8196,日用品
8197,日用品
8199,日用品
8207,日用品
8225,日用品
8228,日用品
8232,日用品
8235,日用品
8236,日用品
8238,日用品
8239,日用品
8241,日用品
8253,日用品
8254,日用品
8261,日用品
8264,日用品
8266,日用品
8268,日用品
8270,日用品
8275,日用品
8290,日用品
8293,日用品
8302,日用品
8327,日用品
8331,日用品
8335,日用品
8336,日用品
8337,日用品
8338,日用品
8340,日用品
8341,日用品
8360,日用品
8361,日用品
8362,日用品
8363,日用品
8364,日用品
8366,日用品
8368,日用品
8369,日用品
8370,日用品
8371,日用品
8372,日用品
8373,日用品
8375,日用品
8376,日用品
8378,日用品
8379,日用品
8380,日用品
8382,日用品
8383,日用品
8385,日用品
8387,日用品
8391,日用品
8402,日用品
8405,日用品
8410,日用品
8424,日用品
8425,日用品
8426,日用品
8427,日用品
8446,日用品
8447,日用品
8450,日用品
8451,日用品
8454,日用品
8456,日用品
8458,日用品
8459,日用品
8461,日用品
8462,日用品
8463,日用品
8464,日用品
8465,日用品
8477,日用品
8481,日用品
8482,日用品
8484,日用品
8487,日用品
8491,日用品
8492,日用品
8493,日用品
8494,日用品
8495,日用品
8500,日用品
8501,日用品
8502,日用品
8506,日用品
8507,日用品
8511,日用品
8512,日用品
8518,日用品
8521,日用品
8526,日用品
8528,日用品
8529,日用品
8530,日用品
8531,日用品
8532,日用品
8533,日用品
8534,日用品
8535,日用品
8542,日用品
8571,日用品
8574,日用品
8575,日用品
8577,日用品
8578,日用品
8580,日用品
8581,日用品
8582,日用品
8587,日用品
8588,日用品
8591,日用品
8593,日用品
8596,日用品
8600,日用品
8601,日用品
8604,日用品
8605,日用品
8607,日用品
8609,日用品
8610,日用品
8611,日用品
8614,日用品
8617,日用品
8620,日用品
8622,日用品
8623,日用品
8626,日用品
8632,日用品
8633,日用品
8636,日用品
8638,日用品
8640,日用品
8641,日用品
8643,日用品
8644,日用品
8645,日用品
8650,日用品
8656,日用品
8665,日用品
8666,日用品
8667,日用品
8670,日用品
8677,日用品
8684,日用品
8685,日用品
8690,日用品
8695,日用品
8711,日用品
8712,日用品
8713,日用品
8714,日用品
8718,日用品
8720,日用品
8724,日用品
8727,日用品
8730,日用品
8738,日用品
8743,日用品
8748,日用品
8753,日用品
8754,日用品
8755,日用品
8765,日用品
8771,日用品
8772,日用品
8773,日用品
8774,日用品
8778,日用品
8781,日用品
8782,日用品
8783,日用品
8784,日用品
8795,日用品
8796,日用品
8798,日用品
8799,日用品
8800,日用品
8804,日用品
8807,日用品
8808,日用品
8809,日用品
8810,日用品
8813,日用品
8814,日用品
8815,日用品
8827,日用品
8830,日用品
8831,日用品
8832,日用品
8833,日用品
8835,日用品
8836,日用品
8838,日用品
8840,日用品
8844,日用品
8848,日用品
8860,日用品
8861,日用品
8864,日用品
8865,日用品
8866,日用品
8869,日用品
8870,日用品
8873,日用品
8874,日用品
8875,日用品
8879,日用品
8880,日用品
8894,日用品
8905,日用品
8906,日用品
8907,日用品
8908,日用品
8910,日用品
8911,日用品
8912,日用品
8914,日用品
8915,日用品
8916,日用品
8917,食料品
8918,食料品
8919,食料品
8920,食料品
8921,食料品
8928,食料品
8933,食料品
8934,食料品
8937,食料品
8938,食料品
8939,食料品
8943,食料品
8946,食料品
8947,食料品
8948,食料品
8949,食料品
8950,食料品
8951,食料品
8952,食料品
8954,食料品
8955,食料品
8957,食料品
8958,食料品
8959,食料品
8961,食料品
8964,食料品
8965,食料品
8966,食料品
8967,食料品
8968,食料品
8969,食料品
8970,食料品
8972,食料品
8973,食料品
8974,食料品
8977,食料品
8978,食料品
8979,食料品
8981,食料品
8982,食料品
8983,食料品
8984,食料品
8985,食料品
8987,食料品
8989,食料品
8998,食料品
9004,食料品
9005,食料品
9008,食料品
9010,食料品
9018,食料品
25746,食料品
25750,食料品
25752,食料品
25753,食料品
25757,食料品
25769,食料品
25771,食料品
25773,食料品
25782,食料品
25788,食料品
25795,食料品
25797,食料品
25805,食料品
25825,食料品
25826,食料品
25827,食料品
25833,食料品
25834,食料品
25841,食料品
25850,食料品
25855,食料品
25856,食料品
25865,食料品
25870,食料品
25886,食料品
25887,食料品
25898,食料品
25905,食料品
25906,食料品
25923,食料品
25927,食料品
25937,食料品
25940,食料品
25946,食料品
25947,食料品
25952,食料品
25959,食料品
25962,食料品
25963,食料品
25996,食料品
25999,食料品
26002,食料品
26003,食料品
26038,食料品
26048,食料品
26052,食料品
26059,食料品
26073,食料品
26078,食料品
26082,食料品
26084,食料品
26085,食料品
26095,食料品
26116,食料品
26122,食料品
26124,食料品
26131,食料品
26133,食料品
26142,食料品
26147,食料品
26150,食料品
26151,食料品
26152,食料品
26158,食料品
26159,食料品
26169,食料品
26171,食料品
26172,食料品
26176,食料品
26183,食料品
26184,食料品
26195,食料品
26198,食料品
26225,食料品
26231,食料品
26236,食料品
26237,食料品
26242,食料品
26249,食料品
26258,食料品
26265,食料品
26283,食料品
26285,食料品
26303,食料品
26308,食料品
26313,食料品
26317,食料品
26322,食料品
26326,食料品
26340,食料品
26344,食料品
26347,食料品
26350,食料品
26357,食料品
26359,食料品
26365,食料品
26366,食料品
26375,食料品
26386,食料品
26391,食料品
26394,食料品
26399,食料品
26401,食料品
26409,食料品
26413,食料品
26422,食料品
26429,食料品
26444,食料品
26453,食料品
26464,食料品
26467,食料品
26471,食料品
26472,食料品
26492,食料品
26498,食料品
26504,食料品
26510,食料品
26523,食料品
26524,食料品
26527,食料品
26528,食料品
26539,食料品
26542,食料品
26547,食料品
26554,食料品
26555,食料品
26562,食料品
26564,食料品
26567,食料品
26578,食料品
26585,食料品
26587,食料品
26590,食料品
26593,食料品
26599,食料品
26603,食料品
26606,食料品
26612,食料品
26614,食料品
26622,食料品
26629,食料品
26630,食料品
26631,食料品
26645,食料品
26649,食料品
26662,食料品
26676,食料品
26680,食料品
26681,食料品
26686,食料品
26693,食料品
26694,食料品
26695,食料品
26696,食料品
26700,食料品
26701,食料品
26704,食料品
26712,食料品
26713,食料品
26717,食料品
26726,食料品
26729,食料品
26732,食料品
26736,食料品
26741,食料品
26743,食料品
26745,食料品
26750,食料品
26761,食料品
26764,食料品
26765,食料品
26776,食料品
26777,食料品
26778,食料品
26782,食料品
26791,食料品
26792,食料品
26796,食料品
26797,食料品
26810,食料品
26812,食料品
26819,食料品
26828,食料品
26838,食料品
26840,食料品
26849,食料品
26854,食料品
26861,食料品
26865,食料品
26870,食料品
26871,食料品
26875,食料品
26887,食料品
26900,食料品
26901,食料品
26903,食料品
26913,食料品
26928,食料品
26940,食料品
26947,食料品
26958,食料品
26965,食料品
26974,食料品
26985,食料品
26999,食料品
27002,食料品
27003,食料品
27006,食料品
27008,食料品
27020,食料品
27022,食料品
27032,食料品
27036,食料品
27074,食料品
27075,食料品
27105,食料品
27124,食料品
27134,食料品
27140,食料品
27155,食料品
27156,食料品
27176,食料品
27178,食料品
27186,食料品
27193,食料品
27246,食料品
27251,食料品
27255,食料品
27266,食料品
27306,食料品
27311,食料品
27317,食料品
27320,食料品
27328,食料品
27329,食料品
27368,食料品
27369,食料品
27370,食料品
27373,食料品
27397,食料品
27408,食料品
27416,食料品
27420,食料品
27426,食料品
27434,食料品
27441,食料品
27450,食料品
27473,食料品
27478,食料品
27480,食料品
27482,食料品
27491,食料品
27513,食料品
27523,食料品
27537,食料品
27539,食料品
27549,食料品
27555,食料品
27563,食料品
27584,食料品
27592,食料品
27595,食料品
27604,食料品
27611,食料品
27618,食料品
27619,食料品
27627,食料品
27644,食料品
27660,食料品
27664,食料品
27667,食料品
27674,食料品
27683,食料品
27685,食料品
27689,食料品
27692,食料品
27695,食料品
27704,食料品
27705,食料品
27706,食料品
27708,食料品
27716,食料品
27721,食料品
27722,食料品
27728,食料品
27731,食料品
27741,食料品
27744,食料品
27746,食料品
27751,食料品
27762,食料品
27768,食料品
27769,食料品
27772,食料品
27773,食料品
27776,食料品
27778,食料品
27784,食料品
27788,食料品
27790,食料品
27793,食料品
27801,食料品
27802,食料品
27803,食料品
27808,食料品
27815,食料品
27816,食料品
27820,食料品
27821,食料品
27822,食料品
27826,食料品
27829,食料品
27830,食料品
27831,食料品
27834,食料品
27837,食料品
27838,食料品
27839,食料品
27846,食料品
27850,食料品
27865,食料品
27866,食料品
27869,食料品
27873,食料品
27878,食料品
27879,食料品
27882,食料品
27899,食料品
27904,食料品
27905,食料品
27912,食料品
30707,食料品
30745,食料品
30749,食料品
30793,食料品
30803,食料品
30810,食料品
30812,食料品
30816,食料品
30818,食料品
30820,食料品
30822,食料品
30825,食料品
30846,食料品
30848,食料品
30850,食料品
30883,食料品
30890,食料品
30892,食料品
30894,食料品
30898,食料品
30994,食料品
31000,食料品
31030,食料品
31038,食料品
31049,食料品
31083,食料品
31086,食料品
31101,食料品
31114,食料品
31116,食料品
31123,食料品
31150,食料品
31162,食料品
31184,食料品
31193,食料品
31221,食料品
31223,食料品
31225,食料品
31260,食料品
31297,食料品
31309,食料品
31364,食料品
31367,食料品
31410,食料品
31420,食料品
31422,食料品
31424,食料品
31427,食料品
31431,食料品
31433,食料品
31435,食料品
31437,食料品
31445,食料品
31522,食料品
31545,食料品
31553,食料品
31590,食料品
31610,食料品
31617,食料品
31658,食料品
31660,食料品
31664,食料品
31685,食料品
31692,食料品
31694,食料品
31696,食料品
31698,食料品
31700,食料品
31702,食料品
31737,食料品
31804,食料品
31851,食料品
31867,食料品
31878,食料品
31903,食料品
31909,食料品
31921,食料品
31923,食料品
31925,食料品
31952,食料品
31973,食料品
32009,食料品
32011,食料品
32017,食料品
32019,食料品
32022,食料品
32029,食料品
32031,食料品
32058,食料品
32060,食料品
32116,食料品
32139,食料品
32160,食料品
32179,食料品
32213,食料品
32234,食料品
32243,食料品
32289,食料品
32291,食料品
32294,食料品
32296,食料品
32298,食料品
32300,食料品
32302,食料品
32314,食料品
32371,食料品
32387,食料品
32392,食料品
32440,食料品
32442,食料品
32456,食料品
32460,食料品
32469,食料品
32511,食料品
32515,食料品
32554,食料品
32582,食料品
32584,食料品
32587,食料品
32589,食料品
32596,食料品
32598,食料品
32600,食料品
32620,食料品
32632,食料品
32649,食料品
32657,食料品
32659,食料品
32666,食料品
32728,食料品
32743,食料品
32770,食料品
32799,食料品
32862,食料品
32875,食料品
32892,食料品
32898,食料品
32906,食料品
32914,食料品
32917,食料品
33004,食料品
33085,食料品
33090,食料品
33124,食料品
33126,食料品
33132,食料品
33138,食料品
33145,食料品
33148,食料品
33154,食料品
33158,食料品
33162,食料品
33164,食料品
33166,食料品
33171,食料品
33188,食料品
33201,食料品
33237,食料品
33294,食料品
33310,食料品
33312,食料品
33421,食料品
33435,食料品
33437,食料品
33493,食料品
33495,食料品
33499,食料品
33558,食料品
33564,食料品
33615,食料品
33629,食料品
33639,食料品
33644,食料品
33646,食料品
33649,食料品
33660,食料品
33669,食料品
33672,食料品
33677,食料品
33679,食料品
33681,食料品
33683,食料品
33725,食料品
33779,食料品
33781,食料品
33794,食料品
33801,食料品
33815,食料品
33826,食料品
33830,食料品
33834,食料品
33836,食料品
33838,食料品
33880,食料品
33893,食料品
33896,食料品
33903,食料品
33966,食料品
34018,食料品
34048,食料品
34072,食料品
34129,食料品
34143,食料品
34148,食料品
34150,食料品
34153,食料品
34162,食料品
34164,食料品
34271,食料品
34292,食料品
34312,食料品
34319,食料品
34321,食料品
34323,食料品
34326,食料品
34330,食料品
34332,食料品
34334,食料品
34336,食料品
34338,食料品
34359,食料品
34397,食料品
34405,食料品
34437,食料品
34450,食料品
34482,食料品
34520,食料品
34523,食料品
34528,食料品
34530,食料品
34532,食料品
34534,食料品
34536,食料品
34540,食料品
34542,食料品
34800,食料品
34811,食料品
35015,食料品
35347,食料品
35807,食料品
35836,食料品
35957,食料品
36276,食料品
36289,食料品
36363,食料品
36397,食料品
36401,食料品
36477,食料品
36509,食料品
36517,食料品
36519,食料品
36525,食料品
36527,食料品
36529,食料品
36533,食料品
36535,食料品
36537,食料品
36708,食料品
36850,食料品
36931,食料品
37211,食料品
37240,食料品
37380,食料品
37382,食料品
37384,食料品
37386,食料品
37444,食料品
37475,食料品
37477,食料品
37495,食料品
37545,食料品
37720,食料品
37727,食料品
37729,食料品
37731,食料品
37733,食料品
37736,食料品
37739,食料品
37741,食料品
37830,食料品
37844,食料品
37853,食料品
37857,食料品
38038,食料品
38061,食料品
38095,食料品
38159,食料品
38164,食料品
38198,食料品
38294,食料品
38304,食料品
38388,食料品
38583,食料品
38798,食料品
38886,食料品
38992,食料品
39183,食料品
39231,食料品
39234,食料品
39292,食料品
39307,食料品
39381,食料品
39400,食料品
39414,食料品
39427,食料品
39435,食料品
39444,食料品
39446,食料品
39449,食料品
39516,食料品
39715,食料品
39801,食料品
39869,食料品
40148,食料品
40278,食料品
40339,食料品
40412,食料品
40414,食料品
40478,食料品
40491,食料品
40578,食料品
40581,食料品
40583,食料品
40597,食料品
40614,食料品
40617,食料品
40629,食料品
40697,食料品
40723,食料品
40732,食料品
40815,食料品
40819,食料品
40826,食料品
40851,食料品
40870,食料品
40946,食料品
40955,食料品
40959,食料品
40962,食料品
40966,食料品
41014,食料品
41285,食料品
41527,食料品
41566,食料品
41569,食料品
41571,食料品
41573,食料品
41617,食料品
41627,食料品
41712,食料品
41716,食料品
41724,食料品
41769,食料品
41828,食料品
41863,食料品
41997,食料品
42002,食料品
42004,食料品
42007,食料品
42009,食料品
42011,食料品
42013,食料品
42015,食料品
42018,食料品
42176,食料品
42191,食料品
42285,食料品
42418,食料品
42422,食料品
42556,食料品
42559,食料品
42602,食料品
42632,食料品
42638,食料品
42718,食料品
42723,食料品
42725,食料品
42728,食料品
42730,食料品
42732,食料品
42734,食料品
42738,食料品
42740,食料品
42761,食料品
42943,食料品
42946,食料品
43289,食料品
43333,食料品
43376,食料品
43396,食料品
43419,食料品
43460,食料品
43549,食料品
43556,食料品
43558,食料品
43560,食料品
43677,食料品
43679,食料品
43684,食料品
43708,食料品
43744,食料品
43836,食料品
43869,食料品
43871,食料品
43904,食料品
43908,食料品
43912,食料品
43914,食料品
43917,食料品
43919,食料品
43921,食料品
43928,食料品
43930,食料品
43932,食料品
43936,食料品
44004,食料品
44020,食料品
44022,食料品
44189,食料品
44191,食料品
44193,食料品
44195,食料品
44197,食料品
44199,食料品
44204,食料品
44225,食料品
44238,食料品
44241,食料品
44243,食料品
44301,食料品
44397,食料品
44399,食料品
44511,食料品
44555,食料品
44597,食料品
44613,食料品
44633,食料品
44657,食料品
44665,食料品
44694,食料品
44709,食料品
44719,食料品
44731,食料品
44759,キャンプ
44761,キャンプ
44773,キャンプ
44777,キャンプ
44788,キャンプ
44828,キャンプ
44840,キャンプ
44849,キャンプ
44851,キャンプ
44864,キャンプ
44889,キャンプ
44929,キャンプ
44931,キャンプ
44937,キャンプ
44943,キャンプ
44972,キャンプ
44974,キャンプ
45028,キャンプ
45062,キャンプ
45074,キャンプ
45081,キャンプ
45106,キャンプ
45175,キャンプ
45183,キャンプ
45186,キャンプ
45208,キャンプ
45210,キャンプ
45221,キャンプ
45361,キャンプ
45382,キャンプ
45431,キャンプ
45440,キャンプ
45442,キャンプ
45447,キャンプ
45499,キャンプ
45501,キャンプ
45503,キャンプ
45517,キャンプ
45635,キャンプ
45648,キャンプ
45658,キャンプ
45662,キャンプ
45666,キャンプ
45668,キャンプ
45672,キャンプ
45720,キャンプ
45722,キャンプ
45726,キャンプ
45728,キャンプ
45730,キャンプ
45732,キャンプ
45880,キャンプ
45928,キャンプ
45950,キャンプ
45969,キャンプ
46062,キャンプ
46105,キャンプ
46231,キャンプ
46322,キャンプ
46335,キャンプ
46337,キャンプ
46347,キャンプ
46367,キャンプ
46530,キャンプ
46559,キャンプ
46572,キャンプ
46574,キャンプ
46578,キャンプ
46664,キャンプ
46723,キャンプ
46772,キャンプ
46850,キャンプ
46855,キャンプ
46862,キャンプ
46865,キャンプ
46948,キャンプ
46965,キャンプ
46967,キャンプ
46970,キャンプ
46972,キャンプ
46974,キャンプ
46976,キャンプ
47044,キャンプ
47099,キャンプ
47122,キャンプ
47124,キャンプ
47200,キャンプ
47202,キャンプ
47254,キャンプ
47261,キャンプ
47382,キャンプ
47384,キャンプ
47404,キャンプ
47423,キャンプ
47446,キャンプ
47465,キャンプ
47491,キャンプ
47516,キャンプ
47518,キャンプ
47538,キャンプ
47566,キャンプ
47610,キャンプ
47629,キャンプ
47640,キャンプ
47644,キャンプ
47646,キャンプ
47721,キャンプ
47725,キャンプ
47736,キャンプ
47774,キャンプ
47793,キャンプ
47810,キャンプ
47894,キャンプ
47937,キャンプ
47950,キャンプ
47952,キャンプ
47970,キャンプ
47978,キャンプ
47997,キャンプ
47999,キャンプ
48001,キャンプ
48032,キャンプ
48043,キャンプ
48045,キャンプ
48082,キャンプ
48142,キャンプ
48150,キャンプ
48161,キャンプ
48214,キャンプ
48262,キャンプ
48304,キャンプ
48319,キャンプ
48322,キャンプ
48326,キャンプ
48342,キャンプ
48385,キャンプ
48394,キャンプ
48412,キャンプ
48414,キャンプ
48416,キャンプ
48516,キャンプ
48518,キャンプ
48520,キャンプ
48560,キャンプ
48593,キャンプ
48596,キャンプ
48598,キャンプ
48638,キャンプ
48649,キャンプ
48678,キャンプ
48696,キャンプ
48698,キャンプ
48738,キャンプ
48741,キャンプ
48744,キャンプ
48774,キャンプ
48780,キャンプ
48783,キャンプ
48872,キャンプ
48877,キャンプ
48879,キャンプ
48883,キャンプ
48982,キャンプ
48997,キャンプ
49013,キャンプ
49110,キャンプ
49130,キャンプ
49132,キャンプ
49220,キャンプ
49263,キャンプ
49265,キャンプ
49272,キャンプ
49274,キャンプ
49276,キャンプ
49278,キャンプ
49280,キャンプ
49284,キャンプ
49286,キャンプ
49314,キャンプ
49347,キャンプ
49389,キャンプ
49396,キャンプ
49524,キャンプ
49530,キャンプ
49647,キャンプ
49649,キャンプ
49651,キャンプ
49666,キャンプ
49688,キャンプ
49735,キャンプ
49772,キャンプ
49793,キャンプ
49822,キャンプ
49824,キャンプ
49910,キャンプ
49917,キャンプ
49932,キャンプ
49957,キャンプ
49961,キャンプ
50003,キャンプ
50005,キャンプ
50064,キャンプ
50068,キャンプ
50147,キャンプ
50158,キャンプ
50160,キャンプ
50189,キャンプ
50274,キャンプ
50354,キャンプ
50356,キャンプ
50440,キャンプ
50442,キャンプ
50445,キャンプ
50514,キャンプ
50601,キャンプ
50610,キャンプ
50613,キャンプ
50658,キャンプ
50685,キャンプ
50740,キャンプ
50792,キャンプ
50794,キャンプ
50796,キャンプ
50798,キャンプ
50800,キャンプ
50802,キャンプ
50804,キャンプ
50806,キャンプ
50842,キャンプ
50851,キャンプ
50872,キャンプ
50912,キャンプ
50923,キャンプ
50942,キャンプ
50954,キャンプ
50999,キャンプ
51024,キャンプ
51037,キャンプ
51077,キャンプ
51080,キャンプ
51082,キャンプ
51084,キャンプ
51086,キャンプ
51088,キャンプ
51091,キャンプ
51167,キャンプ
51174,キャンプ
51255,キャンプ
51314,キャンプ
51357,キャンプ
51412,キャンプ
51471,キャンプ
51498,キャンプ
51540,キャンプ
51545,キャンプ
51562,キャンプ
51573,キャンプ
51575,キャンプ
51662,キャンプ
51666,キャンプ
51694,キャンプ
51698,キャンプ
51705,キャンプ
51709,キャンプ
51834,キャンプ
51884,キャンプ
51903,キャンプ
51925,キャンプ
51927,キャンプ
51931,キャンプ
51933,キャンプ
51935,キャンプ
51937,キャンプ
51939,キャンプ
52042,キャンプ
52241,キャンプ
52245,キャンプ
52279,キャンプ
52281,キャンプ
52283,キャンプ
52287,キャンプ
52299,キャンプ
52319,キャンプ
52328,キャンプ
52375,キャンプ
52435,キャンプ
52458,キャンプ
52462,キャンプ
52579,キャンプ
52604,キャンプ
52644,キャンプ
52668,キャンプ
52694,キャンプ
52712,キャンプ
52715,キャンプ
52722,キャンプ
52724,キャンプ
52730,キャンプ
52767,キャンプ
52784,キャンプ
52831,キャンプ
52867,キャンプ
52885,キャンプ
52950,キャンプ
52952,キャンプ
52967,キャンプ
52973,キャンプ
52975,キャンプ
53000,キャンプ
53022,キャンプ
53024,キャンプ
53121,キャンプ
53123,キャンプ
53125,キャンプ
53127,キャンプ
53129,キャンプ
53138,キャンプ
53140,キャンプ
53143,キャンプ
53161,キャンプ
53280,キャンプ
53318,キャンプ
53322,キャンプ
53326,キャンプ
53355,キャンプ
53435,キャンプ
53447,キャンプ
53450,キャンプ
53453,キャンプ
53460,キャンプ
53464,キャンプ
53466,キャンプ
53468,キャンプ
53519,キャンプ
53550,キャンプ
53574,キャンプ
53578,キャンプ
53808,キャンプ
53883,キャンプ
53894,キャンプ
53921,キャンプ
53953,キャンプ
53956,キャンプ
53972,キャンプ
53974,キャンプ
53993,キャンプ
53996,キャンプ
54001,キャンプ
54004,キャンプ
54116,キャンプ
54121,キャンプ
54185,キャンプ
54190,キャンプ
54256,キャンプ
54259,キャンプ
54272,キャンプ
54274,キャンプ
54276,キャンプ
54281,キャンプ
54286,キャンプ
54354,キャンプ
54372,キャンプ
54503,キャンプ
54617,キャンプ
54648,キャンプ
54686,キャンプ
54732,キャンプ
54734,キャンプ
54736,キャンプ
54745,キャンプ
54768,キャンプ
54771,キャンプ
54780,キャンプ
54785,キャンプ
54787,キャンプ
54796,キャンプ
54881,キャンプ
54908,キャンプ
54910,キャンプ
54934,キャンプ
54962,キャンプ
54995,キャンプ
54997,キャンプ
54999,キャンプ
55020,キャンプ
55036,キャンプ
55052,キャンプ
55061,キャンプ
55067,キャンプ
55069,キャンプ
55071,キャンプ
55080,キャンプ
55094,キャンプ
55110,キャンプ
55112,キャンプ
55116,キャンプ
55118,キャンプ
55156,キャンプ
55167,キャンプ
55190,キャンプ
55205,キャンプ
55207,キャンプ
55232,キャンプ
55241,キャンプ
55245,キャンプ
55247,キャンプ
55250,キャンプ
55253,キャンプ
55259,キャンプ
55261,キャンプ
55267,キャンプ
55269,キャンプ
55272,キャンプ
55274,キャンプ
55276,キャンプ
55278,キャンプ
55280,キャンプ
55282,キャンプ
55290,キャンプ
55292,キャンプ
55294,キャンプ
55363,キャンプ
55391,キャンプ
55442,キャンプ
55444,キャンプ
55451,キャンプ
55492,キャンプ
55553,キャンプ
55555,キャンプ
55577,キャンプ
55620,キャンプ
55687,キャンプ
55721,キャンプ
55729,キャンプ
55765,キャンプ
55768,キャンプ
55805,キャンプ
55814,キャンプ
55820,キャンプ
55830,キャンプ
55844,キャンプ
55854,キャンプ
55872,キャンプ
55908,キャンプ
55946,キャンプ
55995,キャンプ
56003,キャンプ
56012,キャンプ
56022,キャンプ
56060,キャンプ
56145,キャンプ
56152,キャンプ
56156,キャンプ
56169,キャンプ
56171,キャンプ
56174,キャンプ
56176,キャンプ
56251,キャンプ
56274,キャンプ
56286,キャンプ
56333,キャンプ
56336,キャンプ
56339,キャンプ
56367,キャンプ
56379,キャンプ
56389,キャンプ
56563,キャンプ
56587,キャンプ
56607,キャンプ
56620,キャンプ
56715,キャンプ
56757,キャンプ
56775,キャンプ
56782,キャンプ
56788,キャンプ
56801,キャンプ
56805,キャンプ
56837,キャンプ
56869,キャンプ
56908,キャンプ
56915,キャンプ
56921,キャンプ
56941,キャンプ
56949,キャンプ
57147,キャンプ
57183,キャンプ
57243,キャンプ
57274,キャンプ
57326,キャンプ
57368,キャンプ
57421,キャンプ
57499,キャンプ
57502,キャンプ
57504,キャンプ
57522,キャンプ
57526,キャンプ
57528,キャンプ
57532,キャンプ
57536,キャンプ
57637,キャンプ
57640,キャンプ
57669,キャンプ
57772,キャンプ
57843,キャンプ
57910,キャンプ
57951,キャンプ
58025,キャンプ
58047,キャンプ
58078,キャンプ
58103,キャンプ
58105,キャンプ
58107,キャンプ
58154,キャンプ
58156,キャンプ
58162,キャンプ
58191,キャンプ
58287,キャンプ
58291,キャンプ
58293,キャンプ
58295,キャンプ
58297,キャンプ
58299,キャンプ
58301,キャンプ
58303,キャンプ
58306,キャンプ
58309,キャンプ
58315,キャンプ
58332,キャンプ
58347,キャンプ
58351,キャンプ
58376,キャンプ
58404,キャンプ
58425,キャンプ
58492,キャンプ
58554,キャンプ
58559,キャンプ
58627,キャンプ
58655,キャンプ
58783,キャンプ
58803,キャンプ
58806,キャンプ
58826,キャンプ
58839,キャンプ
58842,キャンプ
58870,キャンプ
58876,キャンプ
58879,キャンプ
58964,キャンプ
58972,キャンプ
58975,キャンプ
58998,キャンプ
59014,キャンプ
59016,キャンプ
59018,キャンプ
59022,キャンプ
59026,キャンプ
59037,キャンプ
59103,キャンプ
59118,キャンプ
59126,キャンプ
59129,キャンプ
59131,キャンプ
59141,キャンプ
59143,キャンプ
59220,キャンプ
59258,キャンプ
59295,キャンプ
59306,キャンプ
59315,キャンプ
59333,キャンプ
59336,キャンプ
59369,キャンプ
59387,キャンプ
59421,キャンプ
59429,キャンプ
59440,キャンプ
59501,キャンプ
59549,キャンプ
59604,キャンプ
59615,キャンプ
59667,キャンプ
59725,キャンプ
59727,キャンプ
59731,キャンプ
59738,キャンプ
59784,キャンプ
59810,キャンプ
59814,キャンプ
59900,キャンプ
59915,キャンプ
59947,キャンプ
59985,キャンプ
59995,キャンプ
60030,キャンプ
60037,キャンプ
60040,キャンプ
60046,キャンプ
60069,キャンプ
60072,キャンプ
60074,キャンプ
60126,キャンプ
60128,キャンプ
60141,キャンプ
60161,キャンプ
60289,キャンプ
60291,キャンプ
60293,キャンプ
60303,キャンプ
60333,キャンプ
60363,キャンプ
60365,キャンプ
60389,キャンプ
60397,キャンプ
60408,キャンプ
60471,キャンプ
60487,キャンプ
60514,日用品
60516,日用品
60522,日用品
60538,日用品
60647,日用品
60674,日用品
60684,日用品
60735,日用品
60737,日用品
60753,日用品
60756,日用品
60760,日用品
60766,日用品
60803,日用品
60818,日用品
60832,日用品
60857,日用品
60885,日用品
60894,日用品
60904,日用品
60937,日用品
60941,日用品
60943,日用品
60950,日用品
60979,日用品
61011,日用品
61024,日用品
61026,日用品
61071,日用品
61073,日用品
61123,日用品
61132,日用品
61160,日用品
61167,日用品
61210,日用品
61236,日用品
61240,日用品
61246,日用品
61248,日用品
61250,日用品
61255,日用品
61257,日用品
61262,日用品
61289,日用品
61319,日用品
61323,日用品
61348,日用品
61350,日用品
61352,日用品
61394,日用品
61401,日用品
61406,日用品
61465,日用品
61628,日用品
61692,日用品
61697,日用品
61705,日用品
61729,日用品
61818,日用品
61986,日用品
62008,日用品
62081,日用品
62113,日用品
62155,日用品
62208,日用品
62250,日用品
62293,日用品
62299,日用品
62336,日用品
62344,日用品
62374,日用品
62376,日用品
62383,日用品
62394,日用品
62434,日用品
62437,日用品
62439,日用品
62511,日用品
62553,日用品
62586,日用品
62644,日用品
62662,日用品
62718,日用品
62792,日用品
62799,日用品
62834,日用品
62836,日用品
62849,日用品
62956,日用品
62970,日用品
62999,日用品
63033,日用品
63062,日用品
63072,日用品
63082,日用品
63113,日用品
63131,日用品
63179,日用品
63222,日用品
63239,日用品
63276,日用品
63312,日用品
63393,日用品
63433,日用品
63436,日用品
63479,日用品
63515,日用品
63540,日用品
63768,日用品
63808,日用品
63826,日用品
63853,日用品
63859,日用品
63876,日用品
63992,日用品
64010,日用品
64030,日用品
64032,日用品
64034,日用品
64114,日用品
64116,日用品
64167,日用品
64197,日用品
64231,日用品
64249,日用品
64278,日用品
64285,日用品
64497,日用品
64499,日用品
64501,日用品
64575,日用品
64614,日用品
64620,日用品
64622,日用品
64695,日用品
64716,日用品
64839,日用品
64957,日用品
64969,日用品
64983,日用品
64993,日用品
64997,日用品
65037,日用品
65088,日用品
65126,日用品
65130,日用品
65133,日用品
65135,日用品
65188,日用品
65193,日用品
65216,日用品
65225,日用品
65230,日用品
65261,日用品
65350,日用品
65359,日用品
65514,日用品
65577,日用品
65585,日用品
65588,日用品
65596,日用品
65601,日用品
65631,日用品
65642,日用品
65651,日用品
65682,日用品
65685,日用品
65738,日用品
65740,日用品
65802,日用品
65810,日用品
65882,日用品
65982,日用品
66090,日用品
66097,日用品
66171,日用品
66198,日用品
66203,日用品
66240,日用品
66297,日用品
66310,日用品
66320,日用品
66335,日用品
66371,日用品
66427,日用品
66509,日用品
66511,日用品
66544,日用品
66665,日用品
66744,日用品
66783,日用品
66785,日用品
66798,日用品
66915,日用品
66934,日用品
66943,日用品
67087,日用品
67168,日用品
67186,日用品
67193,日用品
67197,日用品
67255,日用品
67267,日用品
67295,日用品
67361,日用品
67408,日用品
67508,日用品
67534,日用品
67618,日用品
67665,日用品
67695,日用品
67734,日用品
67788,日用品
67799,日用品
67888,日用品
67923,日用品
67997,日用品
68073,日用品
68135,日用品
68157,日用品
68159,日用品
68194,日用品
68205,日用品
68237,日用品
68269,日用品
68319,日用品
68347,日用品
68358,日用品
68444,日用品
68480,日用品
68486,日用品
68522,日用品
68536,日用品
68552,日用品
68554,日用品
68597,日用品
68600,日用品
68650,日用品
68659,日用品
68791,日用品
68793,日用品
68835,日用品
68848,日用品
68872,日用品
68886,日用品
68932,日用品
68945,日用品
68952,日用品
68954,日用品
68959,日用品
69069,日用品
69118,日用品
69122,日用品
69131,日用品
69134,日用品
69140,日用品
69211,日用品
69224,日用品
69227,日用品
69251,日用品
69275,日用品
69278,日用品
69304,日用品
69306,日用品
69394,日用品
69406,日用品
69436,日用品
69453,日用品
69469,日用品
69481,日用品
69495,日用品
69516,日用品
69524,日用品
69526,日用品
69529,日用品
69604,日用品
69606,日用品
69640,日用品
69644,日用品
69654,日用品
69685,日用品
69712,日用品
69720,日用品
69746,日用品
69757,日用品
69784,日用品
69805,日用品
69844,日用品
69849,日用品
69860,日用品
69904,日用品
69951,日用品
69953,日用品
69988,日用品
70015,日用品
70159,日用品
70183,日用品
70206,日用品
70208,日用品
70286,日用品
70293,日用品
70301,日用品
70305,日用品
70334,日用品
70336,日用品
70361,日用品
70451,日用品
70492,日用品
70521,日用品
70533,日用品
70545,日用品
70565,日用品
70599,日用品
70637,日用品
70641,日用品
70663,日用品
70687,日用品
70697,日用品
70703,日用品
70708,日用品
70728,日用品
70862,日用品
70932,日用品
70946,日用品
70984,日用品
70990,日用品
70994,日用品
71033,日用品
71057,日用品
71106,日用品
71108,日用品
71129,日用品
71131,日用品
71135,日用品
71147,日用品
71156,日用品
71160,日用品
71205,日用品
71211,日用品
71248,日用品
71252,日用品
71254,日用品
71264,日用品
71268,日用品
71282,日用品
71302,日用品
71304,日用品
71327,日用品
71341,日用品
71379,日用品
71429,日用品
71438,日用品
71453,日用品
71462,日用品
71464,日用品
71466,日用品
71468,日用品
71484,日用品
71494,日用品
71500,日用品
71518,日用品
71520,日用品
71530,日用品
71535,日用品
71550,日用品
71579,日用品
71619,日用品
71640,日用品
71668,日用品
71732,日用品
71745,日用品
71810,日用品
71823,日用品
71838,日用品
71867,日用品
71899,日用品
71902,日用品
71910,日用品
71970,日用品
71999,日用品
72011,日用品
72104,日用品
72129,日用品
72142,日用品
72165,日用品
72167,日用品
72171,日用品
72178,日用品
72224,日用品
72226,日用品
72294,日用品
72308,日用品
72330,日用品
72356,日用品
72378,日用品
72395,日用品
72405,日用品
72407,日用品
72424,日用品
72479,日用品
72489,日用品
72554,日用品
72591,日用品
72601,日用品
72603,日用品
72605,日用品
72624,日用品
72641,日用品
72692,日用品
72694,日用品
72696,日用品
72701,日用品
72714,日用品
72720,日用品
72731,日用品
72733,日用品
72737,日用品
72874,日用品
72919,日用品
72921,日用品
72982,日用品
72998,日用品
73015,日用品
73017,日用品
73023,日用品
73042,日用品
73106,日用品
73160,日用品
73211,日用品
73266,日用品
73268,日用品
73290,日用品
73319,日用品
73321,日用品
73323,日用品
73344,日用品
73386,日用品
73431,日用品
73488,日用品
73499,日用品
73501,日用品
73515,日用品
73569,日用品
73676,日用品
73681,日用品
73741,日用品
73804,日用品
73808,日用品
73822,日用品
73854,日用品
73858,日用品
73876,日用品
73881,日用品
73929,日用品
74075,日用品
74089,日用品
74095,日用品
74154,日用品
74226,日用品
74228,日用品
74275,日用品
74282,日用品
74324,日用品
74342,日用品
74370,日用品
74450,日用品
74452,日用品
74458,日用品
74508,日用品
74510,日用品
74530,日用品
74532,日用品
74545,日用品
74553,日用品
74580,日用品
74624,日用品
74647,日用品
74668,日用品
74677,日用品
74683,日用品
74685,日用品
74688,日用品
74696,日用品
74698,日用品
74727,日用品
74750,日用品
74754,日用品
74789,日用品
74791,日用品
74795,日用品
74851,日用品
74868,日用品
74916,日用品
74946,日用品
74948,日用品
75341,日用品
75389,日用品
75395,日用品
75416,日用品
75446,日用品
75803,日用品
75805,日用品
75813,日用品
75816,日用品
75947,日用品
75985,日用品
76030,日用品
76054,日用品
76060,日用品
76077,日用品
76091,日用品
76093,日用品
76143,日用品
76173,日用品
76175,日用品
76251,日用品
76293,日用品
76301,日用品
76738,日用品
76743,日用品
76751,日用品
76763,日用品
77177,日用品
77191,日用品
77201,日用品
77206,日用品
77233,日用品
77266,日用品
77364,日用品
77414,日用品
77421,日用品
77427,日用品
77455,日用品
77561,日用品
77667,日用品
77688,日用品
77709,日用品
77795,日用品
77798,日用品
77800,日用品
77841,日用品
77846,日用品
77866,日用品
77881,日用品
77893,日用品
77931,日用品
78034,日用品
78039,日用品
78041,日用品
78088,日用品
78103,日用品
78105,日用品
78116,日用品
78142,日用品
78160,日用品
78174,日用品
78209,日用品
78218,日用品
78264,日用品
78266,日用品
78316,日用品
78349,日用品
78467,日用品
78469,日用品
78499,日用品
78544,日用品
78574,日用品
78620,日用品
78626,日用品
78637,日用品
78703,日用品
78746,日用品
78772,日用品
78836,日用品
78893,日用品
78959,日用品
79006,日用品
79008,日用品
79057,日用品
79073,日用品
79091,日用品
79132,日用品
79134,日用品
79139,日用品
79185,日用品
79224,日用品
79242,日用品
79251,日用品
79259,日用品
79274,日用品
79293,日用品
79299,日用品
79333,日用品
79357,日用品
79428,日用品
79501,日用品
79536,日用品
79553,日用品
79572,日用品
79590,日用品
79592,日用品
79677,日用品
79684,日用品
79695,日用品
79702,日用品
79798,日用品
79868,日用品
79879,日用品
79895,日用品
79897,日用品
79946,日用品
80083,日用品
80094,日用品
80124,日用品
80126,日用品
80139,日用品
80162,日用品
80166,日用品
80219,日用品
80241,日用品
80363,日用品
80454,日用品
80463,日用品
80478,日用品
80489,日用品
80549,日用品
80551,日用品
80553,日用品
80572,日用品
80584,日用品
80586,日用品
80590,日用品
80615,日用品
80693,日用品
80727,日用品
80748,日用品
80831,日用品
80834,日用品
80839,日用品
80846,日用品
80858,日用品
80860,日用品
80862,日用品
80864,日用品
80880,日用品
80906,日用品
80917,日用品
80969,日用品
81018,日用品
81087,日用品
81132,日用品
81156,日用品
81158,日用品
81191,日用品
81229,日用品
81257,日用品
81383,日用品
81417,日用品
81456,日用品
81512,日用品
81520,日用品
81535,日用品
81537,日用品
81562,日用品
81564,日用品
81591,日用品
81681,日用品
81782,日用品
81784,日用品
81786,日用品
81788,日用品
81791,日用品
81819,日用品
81831,日用品
81834,日用品
81845,日用品
81847,日用品
81910,日用品
81932,日用品
81949,日用品
82041,日用品
82053,日用品
82088,日用品
82093,日用品
82095,日用品
82152,日用品
82167,日用品
82169,日用品
82202,日用品
82242,日用品
82366,日用品
82378,日用品
82459,日用品
82461,日用品
82499,日用品
82527,日用品
82534,日用品
82641,日用品
82667,日用品
82684,日用品
82744,日用品
82765,日用品
82767,日用品
82848,日用品
82852,日用品
82854,日用品
82857,日用品
83086,日用品
83132,日用品
83134,日用品
83177,日用品
83270,日用品
83349,日用品
83369,日用品
83374,日用品
83480,日用品
83601,日用品
83613,日用品
83796,日用品
83803,日用品
83827,日用品
83910,日用品
83969,日用品
83976,日用品
84152,日用品
84156,日用品
84187,日用品
84189,日用品
84240,日用品
84246,日用品
84273,日用品
84374,日用品
84392,日用品
84414,日用品
84512,日用品
84523,日用品
84553,日用品
84601,日用品
84615,日用品
84637,日用品
84696,日用品
84716,日用品
84772,日用品
84799,日用品
84844,日用品
84847,日用品
84942,日用品
84944,日用品
84950,日用品
84952,日用品
84954,日用品
85020,日用品
85022,日用品
85025,日用品
85056,日用品
85131,日用品
85179,日用品
85213,日用品
85259,日用品
85261,日用品
85295,日用品
85316,日用品
85334,日用品
85342,日用品
85354,日用品
85367,日用品
85394,日用品
85397,日用品
85399,日用品
85401,日用品
85412,日用品
85414,日用品
85438,日用品
85510,日用品
85565,日用品
85736,日用品
85774,日用品
85780,日用品
85788,日用品
85796,日用品
85881,日用品
85885,日用品
86000,日用品
86014,日用品
86028,日用品
86059,日用品
86066,日用品
86068,日用品
86142,日用品
86190,日用品
86237,日用品
86279,日用品
86286,日用品
86290,日用品
86293,日用品
86295,日用品
86298,日用品
86320,日用品
86332,日用品
86345,日用品
86347,日用品
86355,日用品
86377,日用品
86487,日用品
86504,日用品
86548,日用品
86593,日用品
86628,日用品
86644,日用品
86668,日用品
86721,日用品
86781,日用品
86815,日用品
86817,日用品
86833,日用品
86835,日用品
86864,日用品
86880,日用品
86882,日用品
86892,日用品
86898,日用品
86911,日用品
86922,日用品
86960,日用品
87028,日用品
87192,日用品
87194,日用品
87197,日用品
87222,日用品
87232,日用品
87234,日用品
87287,日用品
87298,日用品
87304,日用品
87306,日用品
87413,日用品
87430,日用品
87444,日用品
87483,日用品
87485,日用品
87520,日用品
87522,日用品
87529,日用品
87660,日用品
87785,日用品
87834,日用品
87867,日用品
87869,日用品
87876,日用品
87960,日用品
88069,日用品
88094,日用品
88108,日用品
88125,日用品
88129,日用品
88140,日用品
88163,日用品
88179,日用品
88235,日用品
88267,日用品
88272,日用品
88327,日用品
88345,日用品
88356,日用品
88405,日用品
88448,日用品
88515,日用品
88593,日用品
88672,日用品
88697,日用品
88699,日用品
88744,日用品
88746,日用品
88785,日用品
88810,日用品
88812,日用品
88911,日用品
88932,日用品
88954,日用品
89028,日用品
89030,日用品
89039,日用品
89047,日用品
89072,日用品
89085,日用品
89087,日用品
89090,日用品
89118,日用品
89190,日用品
89208,日用品
89281,日用品
89305,日用品
89343,日用品
89386,日用品
89388,日用品
89427,日用品
89470,日用品
89492,日用品
89580,日用品
89582,日用品
89586,日用品
89678,日用品
89745,日用品
89753,日用品
89759,日用品
89761,日用品
89774,日用品
89804,日用品
89837,日用品
89840,日用品
89862,日用品
89864,日用品
89898,日用品
89904,日用品
89939,日用品
89945,日用品
90057,日用品
90243,日用品
90245,日用品
90249,日用品
90343,日用品
90345,日用品
90353,日用品
90357,日用品
90374,日用品
90376,日用品
90384,日用品
90403,日用品
90405,日用品
90428,日用品
90430,日用品
90439,日用品
90469,日用品
90471,日用品
90522,日用品
90524,日用品
90528,日用品
90531,日用品
90576,日用品
90600,日用品
90603,日用品
90630,日用品
90647,日用品
90717,日用品
90719,日用品
90738,日用品
90746,日用品
90769,日用品
90809,日用品
90863,日用品
90866,日用品
90888,日用品
90890,日用品
90943,日用品
90945,日用品
91077,日用品
91079,日用品
91094,日用品
91104,日用品
91126,日用品
91128,日用品
91233,日用品
91261,日用品
91266,日用品
91273,日用品
91323,日用品
91325,日用品
91337,日用品
91353,日用品
91355,日用品
91386,日用品
91414,日用品
91470,日用品
91483,日用品
91485,日用品
91488,日用品
91500,日用品
91529,日用品
91535,日用品
91542,日用品
91571,日用品
91622,日用品
91628,日用品
91630,日用品
91653,日用品
91658,日用品
91660,日用品
91666,日用品
91671,日用品
91688,日用品
91690,日用品
91784,日用品
91842,日用品
91860,日用品
91869,日用品
91873,日用品
91890,日用品
91935,日用品
91947,日用品
91974,日用品
91976,日用品
91978,日用品
91981,日用品
92008,日用品
92046,日用品
92048,日用品
92094,日用品
92192,日用品
92198,日用品
92234,日用品
92243,日用品
92259,日用品
92264,日用品
92309,日用品
92348,日用品
92391,日用品
92420,日用品
92422,日用品
92427,日用品
92439,日用品
92475,日用品
92494,日用品
92507,日用品
92509,日用品
92535,日用品
92637,日用品
92643,日用品
92665,日用品
92674,日用品
92681,日用品
92694,日用品
92730,日用品
92760,日用品
92938,日用品
92954,日用品
93006,日用品
93008,日用品
93022,日用品
93040,日用品
93114,日用品
93134,日用品
93139,日用品
93193,日用品
93208,日用品
93242,日用品
93270,日用品
93272,日用品
93287,日用品
93297,日用品
93320,日用品
93326,日用品
93363,日用品
93443,日用品
93502,日用品
93510,日用品
93512,日用品
93563,日用品
93598,日用品
93610,日用品
93721,日用品
93723,日用品
93740,日用品
93766,日用品
93790,日用品
93805,日用品
93819,日用品
93831,日用品
93838,日用品
93840,日用品
93855,日用品
93980,日用品
93982,日用品
93988,日用品
94011,日用品
94015,日用品
94018,日用品
94070,日用品
94122,日用品
94130,日用品
94150,日用品
94160,日用品
94262,日用品
94266,日用品
94323,日用品
94325,日用品
94405,日用品
94478,日用品
94494,日用品
94503,日用品
94661,日用品
94677,日用品
94735,日用品
94777,日用品
94780,日用品
94799,日用品
94810,日用品
94833,日用品
94864,日用品
94867,日用品
94896,日用品
94919,日用品
94931,日用品
94953,日用品
94959,日用品
94985,日用品
95004,日用品
95067,日用品
95088,日用品
95105,日用品
95135,日用品
95145,日用品
95147,日用品
95149,日用品
95163,日用品
95165,日用品
95167,日用品
95170,日用品
95175,日用品
95182,日用品
95193,日用品
95199,日用品
95201,日用品
95207,日用品
95218,日用品
95307,日用品
95309,日用品
95311,日用品
95313,日用品
95377,日用品
95441,日用品
95449,日用品
95473,日用品
95475,日用品
95497,日用品
95499,日用品
95508,日用品
95510,日用品
95519,日用品
95543,日用品
95558,日用品
95583,日用品
95624,日用品
95633,日用品
95654,日用品
95690,日用品
95717,日用品
95720,日用品
95738,日用品
95744,日用品
95761,日用品
95771,日用品
95780,日用品
95796,日用品
95839,日用品
95843,日用品
95858,日用品
95873,日用品
95875,日用品
95939,日用品
95949,日用品
95965,日用品
96004,日用品
96007,日用品
96020,日用品
96079,日用品
96084,日用品
96110,日用品
96114,日用品
96121,日用品
96150,日用品
96281,日用品
96283,日用品
96373,日用品
96411,日用品
96417,日用品
96430,日用品
96432,日用品
96448,日用品
96471,日用品
96488,日用品
96518,日用品
96520,日用品
96530,日用品
96563,日用品
96567,日用品
96588,日用品
96606,日用品
96608,日用品
96610,日用品
96616,日用品
96655,日用品
96691,日用品
96726,日用品
96728,日用品
96737,日用品
96811,日用品
96815,日用品
96821,日用品
96829,日用品
96832,日用品
96861,日用品
96917,日用品
96935,日用品
96945,日用品
96964,日用品
96975,日用品
97024,日用品
97168,日用品
97172,日用品
97188,日用品
97194,日用品
97225,日用品
97230,日用品
97285,日用品
97304,日用品
97306,日用品
97328,日用品
97470,日用品
97643,日用品
97665,日用品
97701,日用品
97742,日用品
97752,日用品
97757,日用品
97785,日用品
97836,日用品
97858,日用品
97860,日用品
97866,日用品
97870,日用品
97904,日用品
97913,日用品
97921,日用品
97923,日用品
97936,日用品
97938,日用品
97950,日用品
97988,日用品
98061,日用品
98083,日用品
98122,日用品
98124,日用品
98154,日用品
98160,日用品
98175,日用品
98203,日用品
98230,日用品
98239,日用品
98243,日用品
98279,日用品
98296,日用品
98361,日用品
98491,日用品
98499,日用品
98503,日用品
98585,日用品
98604,日用品
98607,日用品
98623,日用品
98633,日用品
98697,日用品
98799,日用品
98809,日用品
98836,日用品
98908,日用品
98961,日用品
99005,日用品
99007,日用品
99030,日用品
99087,日用品
99106,日用品
99112,日用品
99114,日用品
99117,日用品
99122,日用品
99130,日用品
99145,日用品
99149,日用品
99191,日用品
99415,日用品
99437,日用品
99532,日用品
99574,日用品
99636,日用品
99638,日用品
99721,日用品
99728,日用品
99750,日用品
99764,日用品
99813,日用品
99846,日用品
99853,日用品
99910,日用品
99917,日用品
99992,日用品
100044,日用品
100068,日用品
100083,日用品
100106,日用品
100159,日用品
100163,日用品
100194,日用品
100226,日用品
100277,日用品
100302,日用品
100304,日用品
100306,日用品
100326,日用品
100383,日用品
100390,日用品
100397,日用品
100487,日用品
100498,日用品
100507,日用品
100527,日用品
100553,日用品
100556,日用品
100579,日用品
100611,日用品
100714,日用品
100737,日用品
100810,日用品
100843,日用品
100882,日用品
100906,日用品
101025,日用品
101070,日用品
101072,日用品
101074,日用品
101076,日用品
101088,日用品
101112,日用品
101142,日用品
101283,日用品
101360,日用品
101362,日用品
101415,日用品
101423,日用品
101525,日用品
101529,日用品
101531,日用品
101577,日用品
101612,日用品
101739,日用品
101741,日用品
101765,日用品
101864,日用品
101884,日用品
101895,日用品
101962,日用品
101973,日用品
102007,日用品
102025,日用品
102033,日用品
102058,日用品
102066,日用品
102070,日用品
102084,日用品
102088,日用品
102123,日用品
102125,日用品
102165,日用品
102194,日用品
102217,日用品
102278,日用品
102338,日用品
102378,日用品
102407,日用品
102445,日用品
102481,日用品
102590,日用品
102602,日用品
102666,日用品
102684,日用品
102686,日用品
102716,日用品
102720,日用品
102735,日用品
102742,日用品
102747,日用品
102749,日用品
102760,日用品
102800,日用品
102802,日用品
102819,日用品
102823,日用品
102852,日用品
102880,日用品
102903,日用品
102984,日用品
102993,日用品
103027,日用品
103042,日用品
103048,日用品
103075,日用品
103085,日用品
103107,日用品
103137,日用品
103141,日用品
103171,日用品
103210,日用品
103219,日用品
103221,日用品
103228,日用品
103233,日用品
103235,日用品
103245,日用品
103249,日用品
103253,日用品
103335,日用品
103339,日用品
103341,日用品
103366,日用品
103372,日用品
103384,日用品
103449,日用品
103483,日用品
103502,日用品
103539,日用品
103543,日用品
103596,日用品
103602,日用品
103606,日用品
103609,日用品
103624,日用品
103655,日用品
103685,日用品
103688,日用品
103755,日用品
103772,日用品
103801,日用品
103810,日用品
103819,日用品
103865,日用品
103883,日用品
103980,日用品
103984,日用品
104017,日用品
104069,日用品
104074,日用品
104076,日用品
104078,日用品
104129,日用品
104141,日用品
104211,日用品
104218,日用品
104241,日用品
104243,日用品
104245,日用品
104272,日用品
104283,日用品
104303,日用品
104337,日用品
104339,日用品
104374,日用品
104419,日用品
104457,日用品
104644,日用品
104760,日用品
104780,日用品
104837,日用品
104841,日用品
104863,日用品
104875,日用品
104879,日用品
104906,日用品
104908,日用品
104913,日用品
104925,日用品
104944,日用品
105020,日用品
105037,日用品
105121,日用品
105197,日用品
105211,日用品
105213,日用品
105246,日用品
105250,日用品
105254,日用品
105325,日用品
105351,日用品
105355,日用品
105468,日用品
105504,日用品
105540,日用品
105585,日用品
105593,日用品
105653,日用品
105720,日用品
105731,日用品
105746,日用品
105755,日用品
105801,日用品
105835,日用品
105844,日用品
105954,日用品
106002,日用品
106062,日用品
106072,日用品
106100,日用品
106144,日用品
106330,日用品
106438,日用品
106441,日用品
106487,日用品
106489,日用品
106491,日用品
106540,日用品
106542,日用品
106594,日用品
106642,日用品
106648,日用品
106696,日用品
106766,日用品
106782,日用品
106785,日用品
106839,日用品
106873,日用品
106883,日用品
106889,日用品
106916,日用品
106918,日用品
106920,日用品
106927,日用品
107013,日用品
107069,日用品
107141,日用品
107159,日用品
107314,日用品
107338,日用品
107348,日用品
107406,日用品
107408,日用品
107410,日用品
107412,日用品
107436,日用品
107447,日用品
107449,日用品
107462,日用品
107565,日用品
107630,日用品
107702,日用品
107723,日用品
107771,日用品
107780,日用品
107846,日用品
107945,日用品
107951,日用品
107953,日用品
107962,日用品
107997,日用品
107999,日用品
108078,日用品
108090,日用品
108156,日用品
108188,日用品
108190,日用品
108192,日用品
108540,日用品
108601,日用品
108689,日用品
108715,日用品
108727,日用品
108729,日用品
108795,日用品
108928,日用品
108932,日用品
108945,日用品
108949,日用品
108981,日用品
109042,日用品
109161,日用品
109183,日用品
109187,日用品
109191,食料品
109241,食料品
109282,食料品
109295,食料品
109313,食料品
109317,食料品
109372,食料品
109374,食料品
109383,食料品
109416,食料品
109483,食料品
109487,食料品
109569,食料品
109576,食料品
109578,食料品
109596,食料品
109633,食料品
109673,食料品
109687,食料品
109723,食料品
109846,食料品
109848,食料品
109850,食料品
109853,食料品
109864,食料品
109895,食料品
109897,食料品
109941,食料品
109968,食料品
109971,食料品
110102,食料品
110127,食料品
110130,食料品
110281,食料品
110286,食料品
110297,食料品
110330,食料品
110350,食料品
110387,食料品
110501,食料品
110541,食料品
110553,食料品
110586,食料品
110591,食料品
110603,食料品
110611,食料品
110655,食料品
110669,食料品
110718,食料品
110730,食料品
110746,食料品
110771,食料品
110773,食料品
110781,食料品
110826,食料品
110882,食料品
111113,食料品
111146,食料品
111320,食料品
111360,食料品
111362,食料品
111364,食料品
111375,食料品
111384,食料品
111443,食料品
111551,食料品
111617,食料品
111622,食料品
111659,食料品
111663,食料品
111680,食料品
111732,食料品
111743,食料品
111759,食料品
111781,食料品
111785,食料品
111795,食料品
111800,食料品
111817,食料品
111844,食料品
111913,食料品
111921,食料品
112006,食料品
112070,食料品
112138,食料品
112171,食料品
112175,食料品
112183,食料品
112290,食料品
112303,食料品
112316,食料品
112326,食料品
112334,食料品
112370,食料品
112421,食料品
112450,食料品
112454,食料品
112460,食料品
112497,食料品
112512,食料品
112515,食料品
112552,食料品
112556,食料品
112580,食料品
112623,食料品
112727,食料品
112749,食料品
112788,食料品
112804,食料品
112818,食料品
112852,食料品
112868,食料品
112897,食料品
112911,食料品
112940,食料品
113159,食料品
113186,食料品
113207,食料品
113225,食料品
113252,食料品
113275,食料品
113278,食料品
113280,食料品
113313,食料品
113345,食料品
113348,食料品
113350,食料品
113374,食料品
113378,食料品
113394,食料品
113416,食料品
113453,食料品
113532,食料品
113565,食料品
113573,食料品
113604,食料品
113705,食料品
113741,食料品
113780,食料品
113829,食料品
113849,食料品
113862,食料品
114028,食料品
114044,食料品
114060,食料品
114066,食料品
114074,食料品
114126,食料品
114180,食料品
114184,食料品
114246,食料品
114265,食料品
114335,食料品
114396,食料品
114494,食料品
114554,食料品
114601,食料品
114627,食料品
114662,食料品
114670,食料品
114678,食料品
114707,食料品
114713,食料品
114762,食料品
114795,食料品
114818,食料品
114847,食料品
114925,食料品
114935,食料品
115065,食料品
115111,食料品
115122,食料品
115149,食料品
115151,食料品
115170,食料品
115203,食料品
115210,食料品
115216,食料品
115231,食料品
115502,食料品
115569,食料品
115617,食料品
115664,食料品
115667,食料品
115680,食料品
115713,食料品
115727,食料品
115819,食料品
115828,食料品
115877,食料品
115969,食料品
116044,食料品
116138,食料品
116169,食料品
116207,食料品
116411,食料品
116413,食料品
116419,食料品
116505,食料品
116529,食料品
116668,食料品
116718,食料品
116724,食料品
116738,食料品
116797,食料品
116799,食料品
116817,食料品
116823,食料品
116849,食料品
116887,食料品
116897,食料品
116941,食料品
116963,食料品
116977,食料品
116985,食料品
117107,食料品
117109,食料品
117133,食料品
117176,食料品
117192,食料品
117364,食料品
117368,食料品
117444,食料品
117466,食料品
117511,食料品
117529,食料品
117531,食料品
117533,食料品
117545,食料品
117572,食料品
117590,食料品
117630,食料品
117646,食料品
117849,食料品
117851,食料品
117867,食料品
117877,食料品
117881,食料品
117887,食料品
117895,食料品
117922,食料品
118082,食料品
118166,食料品
118198,食料品
118248,食料品
118270,食料品
118290,食料品
118326,食料品
118354,食料品
118512,食料品
118530,食料品
118572,食料品
118696,食料品
118700,食料品
118702,食料品
118706,食料品
118784,食料品
118814,食料品
118834,食料品
118862,食料品
118880,食料品
118888,食料品
118894,食料品
118896,食料品
118900,食料品
118924,食料品
118930,食料品
118985,食料品
118997,食料品
119068,食料品
119141,食料品
119145,食料品
119153,食料品
119155,食料品
119167,食料品
119218,食料品
119655,食料品
119714,食料品
119828,食料品
119964,食料品
120130,食料品
120138,食料品
120466,食料品
120478,食料品
120625,食料品
120635,食料品
120637,食料品
120761,食料品
120783,食料品
120799,食料品
120807,食料品
120813,食料品
120827,食料品
120919,食料品
121007,食料品
121035,食料品
121097,食料品
121099,食料品
121129,食料品
121169,食料品
121171,食料品
121231,食料品
121253,食料品
121338,食料品
121342,食料品
121372,食料品
121374,食料品
121469,食料品
121715,食料品
121781,食料品
122092,食料品
122246,食料品
122260,食料品
122433,食料品
122490,食料品
122627,食料品
122882,食料品
122884,食料品
122886,食料品
122888,食料品
122890,食料品
122892,食料品
122896,食料品
122898,食料品
122900,食料品
122902,食料品
122904,食料品
122906,食料品
122912,食料品
122916,食料品
122918,食料品
122920,食料品
122922,食料品
122924,食料品
122926,食料品
122932,食料品
123200,食料品
123310,食料品
123545,食料品
123553,食料品
123947,食料品
124273,食料品
124404,食料品
124484,食料品
124851,食料品
124853,食料品
124859,食料品
125221,食料品
125914,食料品
125916,食料品
125970,食料品
125974,食料品
126088,食料品
126090,食料品
126142,食料品
126420,食料品
126426,食料品
126430,食料品
126482,食料品
126548,食料品
126577,食料品
126921,食料品
127052,食料品
127096,食料品
127098,食料品
127108,食料品
127114,食料品
127116,食料品
127130,食料品
127132,食料品
127134,食料品
127136,食料品
127146,食料品
127152,食料品
127164,食料品
127172,食料品
127180,食料品
127184,食料品
127194,食料品
127198,食料品
127202,食料品
127204,食料品
127212,食料品
127298,食料品
127319,食料品
127323,食料品
127390,食料品
128087,食料品
128089,食料品
128097,食料品
128099,食料品
128197,食料品
128360,食料品
128366,食料品
128488,食料品
128512,食料品
128520,食料品
128542,食料品
128592,食料品
128594,食料品
128620,食料品
128695,食料品
128736,食料品
128832,食料品
128838,食料品
128842,食料品
128852,食料品
128900,食料品
128902,食料品
128908,食料品
128914,食料品
128944,食料品
128968,食料品
128975,食料品
128991,食料品
129011,食料品
129229,食料品
129250,食料品
129313,食料品
129333,食料品
129354,食料品
129397,食料品
129428,食料品
129514,食料品
129657,食料品
129659,食料品
129737,食料品
129779,食料品
129937,食料品
130050,食料品
130052,食料品
130073,食料品
130083,食料品
130087,食料品
130444,食料品
130450,食料品
130452,食料品
130482,食料品
130490,食料品
130498,食料品
130518,食料品
130520,食料品
130576,食料品
130578,食料品
130634,食料品
130686,食料品
130840,食料品
130842,食料品
130970,食料品
130976,食料品
130978,食料品
131013,食料品
131023,食料品
131098,食料品
131104,食料品
131130,食料品
131237,食料品
131439,食料品
131480,食料品
131578,食料品
131610,食料品
131656,食料品
131714,食料品
131724,食料品
131739,食料品
131749,食料品
131796,食料品
131826,食料品
131920,食料品
131934,食料品
132046,食料品
132084,食料品
132153,食料品
132157,食料品
132333,食料品
132335,食料品
132362,食料品
132422,食料品
132424,食料品
132454,食料品
132462,食料品
132488,食料品
132496,食料品
132584,食料品
132618,食料品
132660,食料品
132796,食料品
132800,食料品
132888,食料品
133115,食料品
133195,食料品
133217,食料品
133281,食料品
133365,食料品
133377,食料品
133419,食料品
133545,食料品
133645,食料品
133712,食料品
133716,食料品
133771,食料品
133780,食料品
133782,食料品
133798,食料品
133802,食料品
133832,食料品
133867,食料品
133879,食料品
134004,食料品
134019,食料品
134021,食料品
134041,食料品
134095,食料品
134109,食料品
134130,食料品
134158,食料品
134170,食料品
134184,食料品
134214,食料品
134246,食料品
134248,食料品
134252,食料品
134326,食料品
134334,食料品
134368,食料品
134393,食料品
134515,食料品
134524,食料品
134528,食料品
134775,食料品
134783,食料品
134796,食料品
134808,食料品
134847,食料品
134849,食料品
134853,食料品
134859,食料品
134861,食料品
134881,食料品
135133,食料品
135137,食料品
135143,食料品
135198,食料品
135216,食料品
135288,食料品
135436,食料品
135456,食料品
135518,食料品
135532,食料品
135534,食料品
135536,食料品
135567,食料品
135569,食料品
135777,食料品
135787,食料品
135803,食料品
135815,食料品
135861,食料品
135885,食料品
135887,食料品
135937,食料品
136012,食料品
136016,食料品
136018,食料品
136020,食料品
136024,食料品
136297,食料品
136305,食料品
136341,食料品
136353,食料品
136355,食料品
136359,食料品
136443,食料品
136445,食料品
136447,食料品
136449,食料品
136469,食料品
136471,食料品
136503,食料品
136511,食料品
136540,食料品
136556,食料品
136562,食料品
136564,食料品
136598,食料品
136602,食料品
136654,食料品
136664,食料品
136666,食料品
136778,食料品
136786,食料品
136800,食料品
136816,食料品
136834,食料品
136838,食料品
136840,食料品
136850,食料品
136859,食料品
136864,食料品
136912,食料品
136958,食料品
137218,食料品
137337,食料品
137345,食料品
137517,食料品
137595,食料品
137857,食料品
137859,食料品
137863,食料品
138036,食料品
138186,食料品
138204,食料品
138208,食料品
138210,食料品
138396,食料品
138546,食料品
138610,食料品
138632,食料品
138702,食料品
138798,食料品
138835,食料品
138966,食料品
139052,食料品
139130,食料品
139157,食料品
139385,食料品
139415,食料品
139511,食料品
139640,食料品
139642,食料品
139644,食料品
139655,食料品
139717,食料品
139747,食料品
139855,食料品
139857,食料品
139859,食料品
139915,食料品
139994,食料品
140016,食料品
140038,食料品
140110,食料品
140133,食料品
140162,食料品
140174,食料品
140237,食料品
140247,食料品
140265,食料品
140267,食料品
140289,食料品
140301,食料品
140359,食料品
140481,食料品
140523,食料品
140525,食料品
140541,食料品
140561,食料品
140627,食料品
140711,食料品
140715,食料品
140725,食料品
140737,食料品
140816,食料品
140850,食料品
140852,食料品
140928,食料品
140956,食料品
141004,食料品
141131,食料品
141400,食料品
141408,食料品
141422,食料品
141513,食料品
141544,食料品
141646,食料品
141668,食料品
141688,食料品
141718,食料品
141749,食料品
141799,食料品
141810,食料品
141816,食料品
141818,食料品
141820,食料品
141830,食料品
141836,食料品
141844,食料品
141846,食料品
141866,食料品
141890,食料品
141928,食料品
141994,食料品
142020,食料品
142056,食料品
142074,食料品
142115,食料品
142196,食料品
142222,食料品
142366,食料品
142372,食料品
142420,食料品
142422,食料品
142424,食料品
142444,食料品
142448,食料品
142456,食料品
142488,食料品
142507,食料品
142509,食料品
142536,食料品
142550,食料品
142558,食料品
142598,食料品
142602,食料品
142831,食料品
142961,食料品
142997,食料品
143001,食料品
143031,食料品
143245,食料品
143255,食料品
143257,食料品
143355,食料品
143365,食料品
143367,食料品
143385,食料品
143410,食料品
143458,食料品
143472,食料品
143511,食料品
143525,食料品
143559,食料品
143859,食料品
143896,食料品
143969,食料品
144210,食料品
144222,食料品
144262,食料品
144352,食料品
144478,食料品
144522,食料品
144606,食料品
144620,食料品
144714,食料品
144716,食料品
144734,食料品
144976,食料品
145080,食料品
145150,食料品
145283,食料品
145418,食料品
145491,食料品
145724,食料品
145745,食料品
145839,食料品
145935,食料品
145951,食料品
145994,食料品
146024,食料品
146028,食料品
146210,食料品
146244,食料品
146309,食料品
146656,食料品
146662,食料品
146682,食料品
146684,食料品
146688,食料品
146730,食料品
146986,食料品
147002,食料品
147142,食料品
147196,食料品
147250,食料品
147282,食料品
147286,食料品
147300,食料品
147326,食料品
147328,食料品
147330,食料品
147372,食料品
147374,食料品
147376,食料品
147378,食料品
147380,食料品
147382,食料品
147384,食料品
147410,食料品
147657,食料品
147662,食料品
147936,食料品
148166,食料品
148172,食料品
148238,食料品
148424,食料品
148482,食料品
148592,食料品
148626,食料品
148632,食料品
148652,食料品
148667,食料品
148671,食料品
148675,食料品
148709,食料品
148775,食料品
148881,食料品
148888,食料品
148956,食料品
148978,食料品
148982,食料品
149011,食料品
149144,食料品
149146,食料品
149330,食料品
149334,食料品
149350,食料品
149352,食料品
149354,食料品
149380,食料品
149406,食料品
149508,食料品
149566,食料品
149590,食料品
149612,食料品
149830,食料品
149902,食料品
150254,食料品
150401,食料品
150548,食料品
150554,食料品
150596,食料品
150604,食料品
150696,食料品
150993,食料品
151311,食料品
151315,食料品
151317,食料品
151455,食料品
151479,食料品
151501,食料品
151557,食料品
151559,食料品
151653,食料品
151687,食料品
151695,食料品
151739,食料品
151745,食料品
151759,食料品
151763,食料品
151769,食料品
151777,食料品
151781,食料品
152037,食料品
152063,食料品
152065,食料品
152071,食料品
152077,食料品
152079,食料品
152081,食料品
152083,食料品
152085,食料品
152091,食料品
152105,食料品
152173,食料品
152270,食料品
152284,食料品
152372,食料品
152591,食料品
152658,食料品
152711,食料品
152970,食料品
153070,食料品
153236,食料品
153386,食料品
153408,食料品
154065,食料品
154358,食料品
154975,食料品
155064,食料品
155168,食料品
155288,食料品
155358,食料品
155509,食料品
155589,食料品
155659,食料品
155743,食料品
155774,食料品
155812,食料品
155820,食料品
155892,食料品
156025,食料品
156371,食料品
156387,食料品
156553,食料品
156605,食料品
156607,食料品
156609,食料品
156675,食料品
156706,食料品
156726,食料品
156781,食料品
156783,食料品
157108,食料品
157110,食料品
157122,食料品
157130,食料品
157172,食料品
157200,食料品
157270,食料品
157296,食料品
157312,食料品
157340,食料品
157369,食料品
157407,食料品
157432,食料品
157699,食料品
157775,食料品
157865,食料品
158022,食料品
158027,食料品
158035,食料品
158238,食料品
158254,食料品
158388,食料品
158398,食料品
158402,食料品
158528,食料品
158721,食料品
158783,食料品
158813,食料品
158830,食料品
158842,食料品
158872,食料品
158874,食料品
158882,食料品
158956,食料品
158966,食料品
158972,食料品
159061,食料品
159069,食料品
159077,食料品
159093,食料品
159161,食料品
159193,食料品
159403,食料品
159415,食料品
159441,食料品
159510,食料品
159690,食料品
159717,食料品
159755,食料品
159779,食料品
159811,食料品
159817,食料品
159849,食料品
159858,食料品
159976,食料品
160080,食料品
160271,食料品
160289,食料品
160341,食料品
160400,食料品
160422,食料品
160438,食料品
160440,食料品
160527,食料品
160563,食料品
160565,食料品
160567,食料品
160569,食料品
160571,食料品
160573,食料品
160644,食料品
160646,食料品
160684,食料品
160718,食料品
160730,食料品
160836,食料品
160848,食料品
160872,食料品
160954,食料品
160978,食料品
160980,食料品
161008,食料品
161024,食料品
161032,食料品
161044,食料品
161127,食料品
161131,食料品
161290,食料品
161354,食料品
161580,食料品
161582,食料品
161594,食料品
161634,食料品
161830,食料品
161918,食料品
161922,食料品
161966,食料品
162082,食料品
162344,食料品
162350,食料品
162414,食料品
162478,食料品
162578,食料品
162590,食料品
162598,食料品
162600,食料品
162602,食料品
162606,食料品
162828,食料品
162968,食料品
162982,食料品
163056,食料品
163072,食料品
163112,食料品
163134,食料品
163386,食料品
163527,食料品
163639,食料品
163645,食料品
163653,食料品
163809,食料品
163925,食料品
163937,食料品
163981,食料品
163985,食料品
164179,食料品
164200,食料品
164226,食料品
164280,食料品
164367,食料品
164375,食料品
164540,食料品
164647,食料品
164655,食料品
164707,食料品
164753,食料品
164881,食料品
164909,食料品
164917,食料品
165075,食料品
165101,食料品
165103,食料品
165139,食料品
165343,食料品
165347,食料品
165483,食料品
165489,食料品
165529,食料品
165549,食料品
165551,食料品
165635,食料品
165639,食料品
165645,食料品
165671,食料品
165843,食料品
165947,食料品
165959,食料品
165969,食料品
166015,食料品
166024,食料品
166183,食料品
166203,食料品
166291,食料品
166461,食料品
166492,食料品
166526,食料品
166528,食料品
166534,食料品
166558,食料品
166568,食料品
166635,食料品
166643,食料品
166705,食料品
166946,食料品
167018,食料品
167036,食料品
167064,食料品
167296,食料品
167370,食料品
167380,食料品
167538,食料品
167570,食料品
167634,食料品
167706,食料品
167732,食料品
167746,食料品
167772,食料品
167790,食料品
167854,食料品
168026,食料品
168090,食料品
168144,食料品
168174,食料品
168218,食料品
168248,食料品
168250,食料品
168252,食料品
168254,食料品
168266,食料品
168326,食料品
168350,食料品
168358,食料品
168366,食料品
168418,食料品
168456,食料品
168492,食料品
168608,食料品
168612,食料品
168632,食料品
168712,食料品
168846,食料品
169034,食料品
169180,食料品
169670,食料品
169904,食料品
169912,食料品
169958,食料品
169982,食料品
169984,食料品
169992,食料品
170289,食料品
170297,食料品
170355,食料品
170357,食料品
170399,食料品
170401,食料品
170411,食料品
170551,食料品
170597,食料品
170697,食料品
170705,食料品
170777,食料品
170813,食料品
170817,食料品
170827,食料品
170837,食料品
170875,食料品
170897,食料品
170907,食料品
170937,食料品
170939,食料品
170945,食料品
170957,食料品
170993,食料品
171011,食料品
171023,食料品
171251,食料品
171495,食料品
171631,食料品
171695,食料品
171701,食料品
171749,食料品
171751,食料品
171759,食料品
171763,食料品
171765,食料品
171811,食料品
171867,食料品
171891,食料品
171917,食料品
172013,食料品
172215,食料品
172229,食料品
172233,食料品
172253,食料品
172321,食料品
172461,食料品
172497,食料品
172547,食料品
172577,食料品
172583,食料品
172585,食料品
172587,食料品
172589,食料品
172591,食料品
172637,食料品
172705,食料品
172793,食料品
172825,食料品
172875,食料品
172881,食料品
172887,食料品
172909,食料品
173145,食料品
173197,食料品
173205,食料品
173209,食料品
173235,食料品
173253,食料品
173255,食料品
173291,食料品
173307,食料品
173317,食料品
173351,食料品
173355,食料品
173535,食料品
173619,食料品
173751,食料品
173873,食料品
173925,食料品
173941,食料品
173963,食料品
174045,食料品
174053,食料品
174055,食料品
174141,食料品
174403,食料品
174479,食料品
174551,食料品
174681,食料品
174727,食料品
174737,食料品
174815,食料品
174909,食料品
175197,食料品
175199,食料品
175293,食料品
175303,食料品
175387,食料品
175397,食料品
175401,食料品
175431,食料品
175435,食料品
175475,食料品
175485,食料品
175569,食料品
175577,食料品
175585,食料品
175661,食料品
175693,食料品
175705,食料品
175707,食料品
175743,食料品
175781,食料品
176051,食料品
176101,食料品
176329,食料品
176371,食料品
176389,食料品
176413,食料品
176415,食料品
176419,食料品
176423,食料品
176579,食料品
176601,食料品
176621,食料品
176751,食料品
176805,食料品
176935,食料品
177185,食料品
177285,食料品
177593,食料品
177615,食料品
177763,食料品
177765,食料品
177939,食料品
178061,食料品
178111,食料品
178129,食料品
178323,食料品
178613,食料品
178615,食料品
178827,食料品
179053,食料品
179073,食料品
179119,食料品
179133,食料品
179135,食料品
179211,食料品
179401,食料品
179427,食料品
179491,食料品
179511,食料品
179709,食料品
179749,食料品
179813,食料品
179815,食料品
179817,食料品
179819,食料品
179953,食料品
180031,食料品
180045,食料品
180095,食料品
180231,食料品
180263,食料品
180265,食料品
180297,食料品
180497,食料品
180777,食料品
180985,食料品
180987,食料品
181065,食料品
181139,食料品
181315,食料品
181413,食料品
181659,食料品
181719,食料品
182293,食料品
182297,食料品
182299,食料品
182639,食料品
182715,食料品
182727,食料品
182731,食料品
182749,食料品
182793,食料品
182823,食料品
183011,食料品
183197,食料品
183199,食料品
183227,食料品
183295,食料品
183301,食料品
183317,食料品
183611,食料品
183635,食料品
183897,食料品
183911,食料品
183959,食料品
184015,食料品
184053,食料品
184245,食料品
184253,食料品
184257,食料品
184349,食料品
184471,食料品
184641,食料品
184721,食料品
184791,食料品
184931,食料品
184987,食料品
184997,食料品
185029,食料品
185031,食料品
185033,食料品
185135,食料品
185435,食料品
185473,食料品
185585,食料品
186587,食料品
187031,食料品
187541,食料品
187593,食料品
187595,食料品
187717,食料品
188189,食料品
188301,食料品
188675,食料品
188751,食料品
188797,食料品
188833,食料品
189043,食料品
189111,食料品
189333,食料品
189381,食料品
189547,食料品
189713,食料品
190183,食料品
190207,食料品
190209,食料品
190213,食料品
190215,食料品
190219,食料品
190221,食料品
191005,食料品
193565,食料品
193567,食料品
193571,食料品
193573,食料品
193579,食料品
193581,食料品
193583,食料品
193585,食料品
193587,食料品
193609,食料品